frame,timestamp,confidence,success,gaze_angle_x,gaze_angle_y,pose_Rx,pose_Ry,pose_Rz,AU01_r,AU02_r,AU04_r,AU05_r,AU06_r,AU07_r,AU09_r,AU10_r,AU12_r,AU14_r,AU15_r,AU17_r,AU20_r,AU23_r,AU25_r,AU26_r,AU45_r
0,0.0,0.98,1,0.07,0.349,0.039,-0.032,-0.055999999999999994,0.176,0.0,0.136,0.0,0.16799999999999998,0.49000000000000005,0.1,0.10800000000000001,0.266,0.244,0.038,0.11599999999999999,0.10600000000000001,0.0,0.0,0.176,0.316
1,0.04,0.98,1,0.069,0.344,0.063,-0.016,-0.067,0.256,0.01,0.134,0.0,0.13999999999999999,0.40599999999999997,0.11599999999999999,0.11200000000000002,0.29,0.286,0.03,0.098,0.09,0.0,0.006,0.194,0.13
2,0.08,0.98,1,0.065,0.299,0.07,-0.009000000000000001,-0.073,0.286,0.01,0.128,0.0,0.122,0.374,0.126,0.11000000000000001,0.3,0.3,0.024,0.12,0.092,0.0,0.006,0.198,0.024
3,0.12,0.98,1,0.066,0.271,0.07400000000000001,-0.006,-0.076,0.258,0.0,0.10600000000000001,0.0,0.11599999999999999,0.366,0.11599999999999999,0.12,0.304,0.292,0.01,0.152,0.088,0.0,0.01,0.198,0.0
4,0.16,0.98,1,0.073,0.271,0.076,-0.003,-0.076,0.25,0.0,0.1,0.0,0.1,0.33999999999999997,0.11399999999999999,0.1,0.294,0.27599999999999997,0.014000000000000002,0.174,0.072,0.0,0.004,0.16,0.0
5,0.2,0.98,1,0.076,0.26,0.071,-0.002,-0.08,0.238,0.0,0.094,0.0,0.096,0.298,0.10200000000000001,0.092,0.292,0.254,0.008,0.158,0.057999999999999996,0.0,0.008,0.158,0.0
6,0.24,0.98,1,0.08199999999999999,0.259,0.07400000000000001,-0.003,-0.08199999999999999,0.242,0.0,0.08399999999999999,0.0,0.092,0.274,0.09,0.08,0.29,0.236,0.006,0.134,0.062,0.0,0.014000000000000002,0.152,0.0
7,0.28,0.98,1,0.087,0.258,0.077,-0.002,-0.083,0.236,0.0,0.08399999999999999,0.0,0.096,0.286,0.08199999999999999,0.08399999999999999,0.292,0.21600000000000003,0.002,0.13799999999999998,0.08,0.0,0.018,0.184,0.0
8,0.32,0.98,1,0.087,0.262,0.079,-0.001,-0.084,0.22999999999999998,0.0,0.072,0.0,0.092,0.274,0.08,0.08399999999999999,0.296,0.22599999999999998,0.002,0.148,0.076,0.0,0.014000000000000002,0.186,0.0
9,0.36,0.98,1,0.08800000000000001,0.263,0.083,-0.001,-0.084,0.22799999999999998,0.0,0.06999999999999999,0.0,0.088,0.266,0.08199999999999999,0.06999999999999999,0.298,0.23199999999999998,0.008,0.16799999999999998,0.086,0.0,0.004,0.198,0.0
10,0.4,0.98,1,0.08800000000000001,0.264,0.083,-0.002,-0.08199999999999999,0.22400000000000003,0.0,0.057999999999999996,0.0,0.092,0.27799999999999997,0.088,0.06999999999999999,0.308,0.24,0.016,0.182,0.078,0.0,0.0,0.194,0.0
11,0.44,0.98,1,0.085,0.263,0.087,-0.003,-0.081,0.22200000000000003,0.0,0.06,0.0,0.096,0.3,0.08399999999999999,0.06999999999999999,0.312,0.244,0.016,0.18,0.096,0.0,0.002,0.20400000000000001,0.0
12,0.48,0.98,1,0.081,0.262,0.085,-0.003,-0.079,0.21400000000000002,0.0,0.05,0.0,0.098,0.306,0.086,0.086,0.312,0.25,0.008,0.172,0.096,0.0,0.002,0.196,0.0
13,0.52,0.98,1,0.08199999999999999,0.267,0.087,-0.004,-0.077,0.21000000000000002,0.0,0.05600000000000001,0.0,0.098,0.288,0.092,0.1,0.306,0.25,0.018,0.162,0.096,0.0,0.002,0.22000000000000003,0.0
14,0.56,0.98,1,0.079,0.27,0.087,-0.004,-0.077,0.21600000000000003,0.0,0.05600000000000001,0.0,0.092,0.282,0.10200000000000001,0.10200000000000001,0.298,0.242,0.026000000000000002,0.16,0.098,0.0,0.002,0.21200000000000002,0.0
15,0.6,0.98,1,0.077,0.263,0.084,-0.004,-0.076,0.21400000000000002,0.0,0.078,0.0,0.094,0.27599999999999997,0.11000000000000001,0.096,0.294,0.22799999999999998,0.026000000000000002,0.146,0.1,0.0,0.002,0.20800000000000002,0.0
16,0.64,0.98,1,0.08,0.264,0.081,-0.003,-0.076,0.21400000000000002,0.0,0.09,0.0,0.094,0.304,0.1,0.094,0.29,0.22599999999999998,0.008,0.132,0.11200000000000002,0.0,0.01,0.2,0.0
17,0.68,0.98,1,0.053,0.305,0.081,-0.004,-0.076,0.25,0.0,0.16599999999999998,0.0,0.126,0.33599999999999997,0.10800000000000001,0.12,0.3,0.24,0.0,0.128,0.11599999999999999,0.0,0.018,0.23399999999999999,0.172
18,0.72,0.98,1,0.083,0.41,0.078,-0.002,-0.078,0.29,0.0,0.238,0.0,0.16399999999999998,0.358,0.11399999999999999,0.144,0.32,0.254,0.0,0.13,0.126,0.0,0.038,0.286,0.392
19,0.76,0.98,1,0.096,0.452,0.09300000000000001,0.001,-0.08199999999999999,0.302,0.0,0.292,0.0,0.182,0.354,0.128,0.15,0.32599999999999996,0.258,0.0,0.148,0.13,0.0,0.041999999999999996,0.306,0.536
20,0.8,0.98,1,0.06,0.39899999999999997,0.08,-0.006999999999999999,-0.078,0.258,0.0,0.262,0.0,0.16599999999999998,0.35,0.132,0.136,0.316,0.252,0.0,0.154,0.13,0.0,0.044,0.27,0.42000000000000004
21,0.84,0.98,1,0.07200000000000001,0.38,0.08,-0.005,-0.079,0.21800000000000003,0.0,0.188,0.0,0.126,0.32999999999999996,0.134,0.124,0.302,0.25,0.002,0.158,0.10800000000000001,0.0,0.028000000000000004,0.22999999999999998,0.2
22,0.88,0.98,1,0.061,0.284,0.081,-0.003,-0.079,0.21200000000000002,0.0,0.126,0.0,0.098,0.302,0.118,0.11200000000000002,0.296,0.252,0.014000000000000002,0.144,0.1,0.0,0.036,0.20800000000000002,0.05600000000000001
23,0.92,0.98,1,0.08,0.281,0.08,-0.004,-0.078,0.21800000000000003,0.0,0.09,0.0,0.088,0.282,0.10600000000000001,0.1,0.294,0.252,0.022,0.142,0.08399999999999999,0.0,0.044,0.20400000000000001,0.0
24,0.96,0.98,1,0.087,0.272,0.078,-0.006,-0.078,0.22200000000000003,0.0,0.088,0.0,0.086,0.29,0.098,0.088,0.292,0.246,0.028000000000000004,0.142,0.08,0.0,0.046,0.202,0.0
25,1.0,0.98,1,0.08800000000000001,0.26899999999999996,0.077,-0.006999999999999999,-0.078,0.21200000000000002,0.0,0.09,0.0,0.09,0.27999999999999997,0.10400000000000001,0.078,0.294,0.248,0.026000000000000002,0.144,0.08199999999999999,0.0,0.028000000000000004,0.202,0.0
26,1.04,0.98,1,0.08800000000000001,0.264,0.08,-0.008,-0.076,0.21400000000000002,0.0,0.132,0.0,0.10800000000000001,0.33199999999999996,0.13,0.096,0.298,0.252,0.018,0.152,0.10800000000000001,0.0,0.012,0.21600000000000003,0.074
27,1.08,0.98,1,0.094,0.365,0.081,-0.01,-0.077,0.236,0.0,0.178,0.0,0.154,0.362,0.134,0.128,0.318,0.274,0.01,0.13999999999999999,0.128,0.0,0.008,0.266,0.282
28,1.12,0.98,1,0.078,0.449,0.083,-0.008,-0.078,0.26,0.0,0.22799999999999998,0.0,0.194,0.426,0.144,0.16,0.33199999999999996,0.282,0.0,0.134,0.132,0.0,0.02,0.292,0.48600000000000004
29,1.16,0.98,1,0.07,0.445,0.08,-0.006999999999999999,-0.07400000000000001,0.252,0.0,0.236,0.0,0.196,0.418,0.128,0.162,0.32999999999999996,0.27799999999999997,0.0,0.136,0.124,0.0,0.038,0.29,0.524
30,1.2,0.98,1,0.07,0.40299999999999997,0.068,-0.012,-0.065,0.22599999999999998,0.0,0.22599999999999998,0.0,0.16599999999999998,0.42000000000000004,0.142,0.15,0.308,0.25,0.0,0.172,0.124,0.0,0.03,0.23199999999999998,0.356
31,1.24,0.98,1,0.059000000000000004,0.36,0.075,-0.006,-0.057999999999999996,0.2,0.0,0.16399999999999998,0.0,0.12,0.39,0.136,0.11599999999999999,0.286,0.22999999999999998,0.004,0.176,0.10400000000000001,0.0,0.038,0.16799999999999998,0.15
32,1.28,0.98,1,0.047,0.27399999999999997,0.073,0.013000000000000001,-0.03,0.18,0.0,0.1,0.0,0.09,0.33399999999999996,0.12,0.09,0.272,0.22200000000000003,0.026000000000000002,0.16399999999999998,0.092,0.0,0.04,0.132,0.038
33,1.32,0.98,1,0.043,0.28,0.069,0.018000000000000002,-0.004,0.146,0.0,0.046,0.0,0.06,0.294,0.09,0.062,0.266,0.21400000000000002,0.052000000000000005,0.148,0.078,0.0,0.076,0.1,0.0
34,1.36,0.98,1,0.036000000000000004,0.287,0.064,0.02,0.025,0.124,0.0,0.036,0.0,0.052000000000000005,0.272,0.074,0.05600000000000001,0.262,0.21000000000000002,0.068,0.16399999999999998,0.086,0.0,0.09,0.094,0.0
35,1.4,0.98,1,0.033,0.289,0.059000000000000004,0.022000000000000002,0.054000000000000006,0.094,0.0,0.018,0.0,0.048,0.286,0.052000000000000005,0.048,0.252,0.192,0.046,0.176,0.066,0.0,0.11599999999999999,0.062,0.0
36,1.44,0.98,1,0.01,0.275,0.040999999999999995,0.024,0.10400000000000001,0.064,0.0,0.006,0.0,0.06,0.27799999999999997,0.032,0.05,0.246,0.178,0.02,0.186,0.06,0.0,0.11399999999999999,0.046,0.0
37,1.48,0.98,1,-0.006,0.276,0.037000000000000005,0.025,0.141,0.022,0.0,0.0,0.0,0.076,0.288,0.012,0.072,0.242,0.16399999999999998,0.002,0.172,0.038,0.002,0.12,0.03,0.0
38,1.52,0.98,1,-0.024,0.282,0.040999999999999995,0.032,0.182,0.006,0.0,0.0,0.0,0.094,0.288,0.002,0.08399999999999999,0.248,0.186,0.002,0.146,0.034,0.012,0.10800000000000001,0.057999999999999996,0.0
39,1.56,0.98,1,-0.035,0.264,0.027000000000000003,0.028999999999999998,0.22,0.0,0.0,0.0,0.0,0.11000000000000001,0.31,0.0,0.10600000000000001,0.248,0.202,0.002,0.134,0.016,0.024,0.096,0.054000000000000006,0.0
40,1.6,0.98,1,-0.042,0.261,0.017,0.025,0.254,0.004,0.0,0.0,0.0,0.122,0.366,0.0,0.11000000000000001,0.246,0.202,0.0,0.10400000000000001,0.008,0.036,0.06999999999999999,0.044,0.0
41,1.64,0.98,1,-0.06,0.245,0.003,0.015,0.297,0.018,0.0,0.0,0.0,0.148,0.43,0.006,0.13799999999999998,0.244,0.20600000000000002,0.0,0.08399999999999999,0.002,0.046,0.038,0.014000000000000002,0.0
42,1.68,0.98,1,-0.076,0.22399999999999998,-0.006,0.001,0.315,0.028000000000000004,0.0,0.0,0.0,0.16399999999999998,0.466,0.006,0.162,0.244,0.202,0.01,0.034,0.002,0.054000000000000006,0.012,0.004,0.0
43,1.72,0.98,1,-0.081,0.218,-0.006,-0.009000000000000001,0.33,0.048,0.0,0.0,0.0,0.178,0.442,0.008,0.176,0.238,0.236,0.01,0.024,0.002,0.064,0.0,0.004,0.0
44,1.76,0.98,1,-0.08,0.20800000000000002,-0.006,-0.013000000000000001,0.33899999999999997,0.05600000000000001,0.0,0.0,0.0,0.174,0.42000000000000004,0.012,0.18,0.238,0.242,0.01,0.01,0.0,0.066,0.0,0.004,0.0
45,1.8,0.98,1,-0.084,0.207,-0.002,-0.013999999999999999,0.349,0.064,0.0,0.0,0.0,0.174,0.41,0.012,0.18,0.244,0.258,0.0,0.01,0.0,0.074,0.0,0.004,0.0
46,1.84,0.98,1,-0.08800000000000001,0.205,0.003,-0.018000000000000002,0.36200000000000004,0.074,0.0,0.0,0.0,0.186,0.42400000000000004,0.01,0.202,0.26,0.25,0.006,0.0,0.0,0.072,0.0,0.002,0.0
47,1.88,0.98,1,-0.085,0.21100000000000002,0.009000000000000001,-0.02,0.36700000000000005,0.08199999999999999,0.0,0.0,0.0,0.198,0.43,0.004,0.21000000000000002,0.272,0.248,0.008,0.002,0.0,0.078,0.0,0.002,0.0
48,1.92,0.98,1,-0.087,0.209,0.013999999999999999,-0.019,0.37,0.094,0.0,0.0,0.0,0.21200000000000002,0.446,0.008,0.21000000000000002,0.266,0.268,0.016,0.002,0.0,0.08,0.0,0.002,0.0
49,1.96,0.98,1,-0.094,0.21100000000000002,0.016,-0.018000000000000002,0.371,0.096,0.0,0.004,0.0,0.21400000000000002,0.44000000000000006,0.008,0.21000000000000002,0.268,0.27999999999999997,0.032,0.002,0.0,0.08199999999999999,0.0,0.0,0.0
50,2.0,0.98,1,-0.096,0.21600000000000003,0.021,-0.013999999999999999,0.37,0.10400000000000001,0.0,0.004,0.0,0.21000000000000002,0.45599999999999996,0.004,0.20800000000000002,0.264,0.27599999999999997,0.05,0.002,0.0,0.086,0.0,0.0,0.0
51,2.04,0.98,1,-0.10400000000000001,0.217,0.025,-0.008,0.368,0.11599999999999999,0.0,0.004,0.0,0.21000000000000002,0.44000000000000006,0.004,0.21800000000000003,0.262,0.256,0.05600000000000001,0.024,0.0,0.09,0.0,0.0,0.0
52,2.08,0.98,1,-0.114,0.222,0.027999999999999997,-0.006,0.368,0.11599999999999999,0.0,0.0,0.0,0.20800000000000002,0.446,0.004,0.21800000000000003,0.256,0.238,0.044,0.04,0.0,0.096,0.0,0.0,0.0
53,2.12,0.98,1,-0.107,0.221,0.03,-0.005,0.36700000000000005,0.11599999999999999,0.0,0.006,0.0,0.21000000000000002,0.40599999999999997,0.004,0.21800000000000003,0.258,0.24,0.022,0.048,0.0,0.092,0.0,0.0,0.0
54,2.16,0.98,1,-0.10300000000000001,0.223,0.03,-0.005,0.365,0.11200000000000002,0.0,0.01,0.0,0.20800000000000002,0.4,0.0,0.21200000000000002,0.266,0.24,0.022,0.026000000000000002,0.0,0.09,0.0,0.0,0.0
55,2.2,0.98,1,-0.10300000000000001,0.221,0.031,-0.005,0.365,0.098,0.0,0.012,0.0,0.20800000000000002,0.40599999999999997,0.0,0.2,0.268,0.246,0.02,0.028000000000000004,0.0,0.086,0.0,0.0,0.0
56,2.24,0.98,1,-0.10099999999999999,0.21899999999999997,0.028999999999999998,-0.002,0.363,0.08199999999999999,0.0,0.014000000000000002,0.0,0.20600000000000002,0.43,0.006,0.2,0.268,0.238,0.02,0.026000000000000002,0.0,0.078,0.0,0.0,0.0
57,2.28,0.98,1,-0.098,0.218,0.03,-0.002,0.361,0.062,0.0,0.014000000000000002,0.0,0.21200000000000002,0.46799999999999997,0.006,0.188,0.272,0.238,0.018,0.038,0.0,0.074,0.0,0.0,0.0
58,2.32,0.98,1,-0.098,0.221,0.031,-0.001,0.36,0.074,0.0,0.012,0.0,0.21400000000000002,0.472,0.006,0.188,0.27999999999999997,0.22200000000000003,0.026000000000000002,0.032,0.0,0.072,0.0,0.0,0.0
59,2.36,0.98,1,-0.1,0.223,0.033,-0.001,0.359,0.068,0.0,0.012,0.0,0.21800000000000003,0.472,0.002,0.182,0.284,0.22400000000000003,0.04,0.038,0.0,0.08,0.0,0.0,0.0
60,2.4,0.98,1,-0.095,0.22,0.031,-0.001,0.35700000000000004,0.06999999999999999,0.0,0.008,0.0,0.21800000000000003,0.47800000000000004,0.004,0.19,0.286,0.22200000000000003,0.041999999999999996,0.03,0.0,0.078,0.0,0.0,0.0
61,2.44,0.98,1,-0.092,0.221,0.033,-0.002,0.35600000000000004,0.057999999999999996,0.0,0.008,0.0,0.22200000000000003,0.48600000000000004,0.004,0.186,0.284,0.236,0.052000000000000005,0.028000000000000004,0.0,0.078,0.0,0.0,0.0
62,2.48,0.98,1,-0.092,0.22,0.034,-0.001,0.355,0.052000000000000005,0.0,0.002,0.0,0.22000000000000003,0.49800000000000005,0.002,0.184,0.284,0.236,0.062,0.034,0.0,0.076,0.0,0.0,0.0
63,2.52,0.98,1,-0.095,0.222,0.035,-0.001,0.354,0.046,0.0,0.012,0.0,0.22200000000000003,0.49800000000000005,0.004,0.18,0.27999999999999997,0.24,0.074,0.041999999999999996,0.0,0.076,0.0,0.0,0.0
64,2.56,0.98,1,-0.09,0.22399999999999998,0.034,-0.002,0.354,0.041999999999999996,0.0,0.014000000000000002,0.0,0.21800000000000003,0.506,0.004,0.16999999999999998,0.282,0.25,0.062,0.052000000000000005,0.0,0.074,0.0,0.0,0.0
65,2.6,0.98,1,-0.09,0.22399999999999998,0.035,-0.003,0.354,0.041999999999999996,0.0,0.016,0.0,0.22400000000000003,0.508,0.004,0.16399999999999998,0.282,0.248,0.044,0.05,0.0,0.074,0.0,0.0,0.0
66,2.64,0.98,1,-0.08900000000000001,0.217,0.031,-0.004,0.353,0.041999999999999996,0.0,0.018,0.0,0.22599999999999998,0.51,0.004,0.158,0.27999999999999997,0.244,0.02,0.04,0.0,0.068,0.0,0.0,0.0
67,2.68,0.98,1,-0.087,0.21600000000000003,0.033,-0.005,0.35200000000000004,0.054000000000000006,0.0,0.078,0.0,0.238,0.508,0.02,0.184,0.262,0.242,0.01,0.024,0.0,0.066,0.0,0.0,0.0
68,2.72,0.98,1,-0.086,0.223,0.033,-0.006,0.35,0.06999999999999999,0.0,0.20400000000000001,0.0,0.26,0.54,0.036,0.20600000000000002,0.236,0.238,0.008,0.006,0.0,0.076,0.0,0.0,0.0
69,2.76,0.98,1,-0.11,0.21600000000000003,0.033,-0.006999999999999999,0.35,0.068,0.0,0.366,0.0,0.3,0.62,0.06,0.23399999999999999,0.21000000000000002,0.242,0.004,0.004,0.0,0.088,0.0,0.0,0.0
70,2.8,0.98,1,-0.10300000000000001,0.22,0.033,-0.011000000000000001,0.349,0.041999999999999996,0.0,0.544,0.0,0.33799999999999997,0.736,0.10200000000000001,0.248,0.18,0.242,0.006,0.03,0.0,0.11200000000000002,0.0,0.0,0.0
71,2.84,0.98,1,-0.066,0.221,0.043,-0.012,0.34700000000000003,0.014000000000000002,0.0,0.6599999999999999,0.0,0.354,0.8019999999999999,0.136,0.264,0.158,0.242,0.022,0.041999999999999996,0.002,0.128,0.0,0.0,0.0
72,2.88,0.98,1,-0.068,0.21100000000000002,0.045,-0.015,0.35,0.0,0.0,0.716,0.0,0.35,0.784,0.16,0.27,0.134,0.246,0.028000000000000004,0.062,0.002,0.156,0.0,0.0,0.0
73,2.92,0.98,1,-0.077,0.20199999999999999,0.046,-0.02,0.353,0.0,0.0,0.716,0.0,0.344,0.774,0.16599999999999998,0.27799999999999997,0.126,0.242,0.044,0.06,0.002,0.16799999999999998,0.0,0.0,0.0
74,2.96,0.98,1,-0.07400000000000001,0.203,0.045,-0.022000000000000002,0.358,0.0,0.0,0.726,0.0,0.34199999999999997,0.788,0.184,0.282,0.10400000000000001,0.26,0.044,0.078,0.0,0.16999999999999998,0.0,0.0,0.0
75,3.0,0.98,1,-0.065,0.19699999999999998,0.039,-0.025,0.366,0.0,0.0,0.75,0.0,0.354,0.8119999999999999,0.2,0.296,0.094,0.258,0.057999999999999996,0.10400000000000001,0.0,0.16599999999999998,0.0,0.0,0.006
76,3.04,0.98,1,-0.08,0.19399999999999998,0.04,-0.024,0.365,0.0,0.0,0.768,0.0,0.356,0.82,0.20800000000000002,0.302,0.078,0.242,0.06,0.11599999999999999,0.0,0.16799999999999998,0.0,0.0,0.016
77,3.08,0.98,1,-0.079,0.205,0.042,-0.022000000000000002,0.36200000000000004,0.0,0.0,0.77,0.0,0.356,0.828,0.21200000000000002,0.3,0.076,0.22400000000000003,0.08399999999999999,0.122,0.0,0.172,0.0,0.0,0.032
78,3.12,0.98,1,-0.059000000000000004,0.22,0.042,-0.023,0.35600000000000004,0.0,0.0,0.772,0.0,0.35,0.826,0.21600000000000003,0.306,0.068,0.21200000000000002,0.12,0.124,0.0,0.18,0.0,0.0,0.05
79,3.16,0.98,1,-0.066,0.221,0.045,-0.02,0.35200000000000004,0.0,0.0,0.764,0.0,0.344,0.8160000000000001,0.22200000000000003,0.302,0.068,0.21400000000000002,0.144,0.124,0.0,0.19,0.0,0.0,0.062
80,3.2,0.98,1,-0.063,0.221,0.044000000000000004,-0.019,0.348,0.0,0.0,0.758,0.0,0.33999999999999997,0.82,0.21400000000000002,0.32,0.072,0.184,0.146,0.10400000000000001,0.0,0.196,0.0,0.0,0.064
81,3.24,0.98,1,-0.059000000000000004,0.21100000000000002,0.031,-0.015,0.344,0.0,0.0,0.76,0.0,0.33399999999999996,0.8240000000000001,0.20400000000000001,0.308,0.072,0.156,0.124,0.09,0.0,0.192,0.0,0.0,0.054000000000000006
82,3.28,0.98,1,-0.073,0.205,0.021,-0.016,0.34299999999999997,0.0,0.0,0.75,0.0,0.33199999999999996,0.818,0.186,0.29,0.068,0.13,0.124,0.092,0.0,0.184,0.0,0.0,0.044
83,3.32,0.98,1,-0.066,0.195,0.011000000000000001,-0.017,0.341,0.0,0.0,0.73,0.0,0.32799999999999996,0.794,0.176,0.266,0.062,0.128,0.12,0.10200000000000001,0.0,0.18,0.0,0.0,0.041999999999999996
84,3.36,0.98,1,-0.07200000000000001,0.183,0.002,-0.018000000000000002,0.33899999999999997,0.0,0.0,0.7,0.0,0.32599999999999996,0.792,0.16599999999999998,0.26,0.064,0.118,0.11599999999999999,0.096,0.0,0.18,0.0,0.01,0.04
85,3.4,0.98,1,-0.07200000000000001,0.184,0.002,-0.016,0.337,0.0,0.0,0.696,0.0,0.32599999999999996,0.8019999999999999,0.16399999999999998,0.268,0.06999999999999999,0.10800000000000001,0.092,0.078,0.0,0.178,0.0,0.01,0.04
86,3.44,0.98,1,-0.073,0.185,0.002,-0.015,0.33299999999999996,0.0,0.0,0.7,0.0,0.32999999999999996,0.826,0.16,0.27599999999999997,0.08,0.088,0.074,0.086,0.0,0.182,0.0,0.01,0.038
87,3.48,0.98,1,-0.081,0.17600000000000002,-0.0,-0.016,0.332,0.0,0.0,0.712,0.0,0.33199999999999996,0.8300000000000001,0.16599999999999998,0.29,0.08399999999999999,0.096,0.074,0.08199999999999999,0.0,0.18,0.0,0.0,0.03
88,3.52,0.98,1,-0.075,0.17600000000000002,-0.002,-0.017,0.332,0.0,0.0,0.714,0.0,0.32999999999999996,0.8119999999999999,0.16399999999999998,0.296,0.086,0.098,0.066,0.06999999999999999,0.0,0.18,0.0,0.012,0.022
89,3.56,0.98,1,-0.077,0.172,-0.001,-0.018000000000000002,0.332,0.0,0.0,0.722,0.0,0.322,0.796,0.176,0.296,0.08399999999999999,0.11200000000000002,0.068,0.052000000000000005,0.0,0.176,0.0,0.012,0.01
90,3.6,0.98,1,-0.07,0.168,-0.003,-0.018000000000000002,0.332,0.0,0.0,0.726,0.0,0.31,0.758,0.162,0.286,0.09,0.10600000000000001,0.057999999999999996,0.048,0.0,0.16799999999999998,0.0,0.012,0.006
91,3.64,0.98,1,-0.068,0.16699999999999998,0.001,-0.019,0.33399999999999996,0.0,0.0,0.732,0.0,0.304,0.744,0.156,0.27999999999999997,0.098,0.10800000000000001,0.064,0.06,0.0,0.16399999999999998,0.0,0.0,0.0
92,3.68,0.98,1,-0.067,0.168,0.002,-0.019,0.33399999999999996,0.0,0.0,0.722,0.0,0.296,0.704,0.13999999999999999,0.284,0.10200000000000001,0.10400000000000001,0.064,0.064,0.0,0.156,0.0,0.0,0.0
93,3.72,0.98,1,-0.067,0.16899999999999998,0.004,-0.019,0.33399999999999996,0.0,0.0,0.72,0.0,0.294,0.708,0.13799999999999998,0.288,0.1,0.092,0.072,0.072,0.0,0.148,0.0,0.0,0.0
94,3.76,0.98,1,-0.076,0.16899999999999998,0.005,-0.019,0.335,0.0,0.0,0.724,0.0,0.284,0.692,0.136,0.29,0.1,0.086,0.074,0.06999999999999999,0.0,0.13799999999999998,0.0,0.0,0.0
95,3.8,0.98,1,-0.07200000000000001,0.172,0.006999999999999999,-0.02,0.335,0.0,0.0,0.728,0.0,0.27599999999999997,0.654,0.13,0.272,0.098,0.094,0.08199999999999999,0.072,0.0,0.13,0.0,0.0,0.0
96,3.84,0.98,1,-0.066,0.177,0.005,-0.024,0.335,0.0,0.0,0.718,0.0,0.272,0.608,0.126,0.262,0.096,0.094,0.062,0.06,0.0,0.126,0.0,0.0,0.0
97,3.88,0.98,1,-0.057999999999999996,0.18,0.005,-0.023,0.335,0.0,0.0,0.708,0.0,0.27599999999999997,0.58,0.11599999999999999,0.252,0.096,0.098,0.048,0.064,0.0,0.118,0.0,0.0,0.0
98,3.92,0.98,1,-0.055,0.182,0.006,-0.024,0.335,0.0,0.0,0.7,0.0,0.27799999999999997,0.606,0.11599999999999999,0.248,0.1,0.08,0.028000000000000004,0.05,0.0,0.11399999999999999,0.0,0.0,0.0
99,3.96,0.98,1,-0.052000000000000005,0.187,0.006,-0.025,0.336,0.034,0.0,0.686,0.0,0.272,0.646,0.128,0.256,0.118,0.064,0.041999999999999996,0.08399999999999999,0.0,0.076,0.0,0.028000000000000004,0.194
100,4.0,0.98,1,-0.07400000000000001,0.297,-0.006,-0.052000000000000005,0.332,0.048,0.0,0.6639999999999999,0.0,0.246,0.648,0.15,0.256,0.128,0.026000000000000002,0.074,0.16,0.0,0.038,0.0,0.054000000000000006,0.40800000000000003
101,4.04,0.98,1,-0.061,0.306,-0.008,-0.06,0.325,0.048,0.0,0.646,0.0,0.21600000000000003,0.622,0.158,0.274,0.126,0.006,0.098,0.27,0.0,0.0,0.0,0.08399999999999999,0.606
102,4.08,0.98,1,-0.08900000000000001,0.315,0.005,-0.053,0.314,0.014000000000000002,0.0,0.646,0.0,0.192,0.584,0.16399999999999998,0.266,0.10800000000000001,0.0,0.124,0.358,0.0,0.0,0.0,0.064,0.584
103,4.12,0.98,1,-0.09300000000000001,0.332,0.022000000000000002,-0.040999999999999995,0.301,0.0,0.0,0.6679999999999999,0.0,0.19,0.606,0.16999999999999998,0.26,0.09,0.0,0.128,0.396,0.0,0.0,0.0,0.04,0.5
104,4.16,0.98,1,-0.071,0.302,0.046,-0.018000000000000002,0.287,0.0,0.0,0.6980000000000001,0.0,0.196,0.638,0.186,0.246,0.08199999999999999,0.0,0.148,0.42400000000000004,0.0,0.0,0.0,0.01,0.32999999999999996
105,4.2,0.98,1,-0.047,0.23,0.031,-0.005,0.276,0.0,0.0,0.716,0.0,0.202,0.6679999999999999,0.20800000000000002,0.246,0.078,0.0,0.142,0.43,0.0,0.0,0.0,0.0,0.18
106,4.24,0.98,1,-0.052000000000000005,0.209,0.017,-0.006,0.273,0.0,0.0,0.734,0.0,0.202,0.674,0.22200000000000003,0.258,0.076,0.0,0.132,0.42800000000000005,0.0,0.0,0.0,0.0,0.11599999999999999
107,4.28,0.98,1,-0.051,0.23,0.006,-0.011000000000000001,0.272,0.0,0.0,0.716,0.0,0.20400000000000001,0.632,0.22799999999999998,0.266,0.08399999999999999,0.0,0.126,0.438,0.0,0.0,0.0,0.016,0.286
108,4.32,0.98,1,-0.065,0.3,-0.01,-0.019,0.27399999999999997,0.028000000000000004,0.0,0.6900000000000001,0.0,0.196,0.568,0.20800000000000002,0.264,0.092,0.0,0.13799999999999998,0.44000000000000006,0.0,0.0,0.0,0.05,0.496
109,4.36,0.98,1,-0.036000000000000004,0.305,-0.025,-0.027999999999999997,0.276,0.066,0.0,0.682,0.0,0.176,0.518,0.188,0.24,0.08,0.0,0.156,0.44400000000000006,0.0,0.0,0.0,0.074,0.5980000000000001
110,4.4,0.98,1,-0.053,0.302,-0.033,-0.028999999999999998,0.275,0.094,0.0,0.716,0.0,0.162,0.512,0.184,0.20400000000000001,0.05600000000000001,0.0,0.16599999999999998,0.446,0.0,0.0,0.0,0.057999999999999996,0.508
111,4.44,0.98,1,-0.057999999999999996,0.253,-0.032,-0.023,0.27399999999999997,0.094,0.0,0.746,0.0,0.156,0.544,0.18,0.188,0.036,0.0,0.158,0.44400000000000006,0.0,0.0,0.0,0.024,0.354
112,4.48,0.98,1,-0.040999999999999995,0.23399999999999999,-0.034,-0.016,0.27399999999999997,0.08399999999999999,0.0,0.746,0.0,0.152,0.526,0.16399999999999998,0.188,0.048,0.0,0.152,0.446,0.0,0.0,0.0,0.002,0.23399999999999999
113,4.52,0.98,1,-0.043,0.201,-0.035,-0.006999999999999999,0.275,0.086,0.0,0.722,0.0,0.142,0.508,0.144,0.186,0.057999999999999996,0.0,0.152,0.454,0.0,0.0,0.0,0.036,0.158
114,4.56,0.98,1,-0.052000000000000005,0.182,-0.035,-0.001,0.27399999999999997,0.08399999999999999,0.0,0.706,0.0,0.136,0.48,0.132,0.194,0.06,0.0,0.158,0.47000000000000003,0.0,0.0,0.0,0.052000000000000005,0.086
115,4.6,0.98,1,-0.05,0.174,-0.035,0.003,0.271,0.086,0.0,0.6799999999999999,0.0,0.134,0.45199999999999996,0.126,0.192,0.06,0.0,0.172,0.462,0.0,0.0,0.0,0.06999999999999999,0.044
116,4.64,0.98,1,-0.05,0.171,-0.034,0.001,0.27,0.086,0.0,0.6719999999999999,0.0,0.13,0.442,0.12,0.2,0.062,0.0,0.156,0.42400000000000004,0.0,0.0,0.0,0.036,0.01
117,4.68,0.98,1,-0.052000000000000005,0.174,-0.028999999999999998,0.0,0.267,0.088,0.0,0.6759999999999999,0.0,0.128,0.41600000000000004,0.118,0.2,0.06999999999999999,0.0,0.13799999999999998,0.414,0.0,0.0,0.0,0.018,0.004
118,4.72,0.98,1,-0.046,0.18600000000000003,-0.022000000000000002,0.002,0.266,0.09,0.0,0.6839999999999999,0.0,0.128,0.414,0.118,0.21600000000000003,0.078,0.0,0.12,0.398,0.0,0.0,0.0,0.0,0.0
119,4.76,0.98,1,-0.044000000000000004,0.191,-0.018000000000000002,0.002,0.266,0.098,0.0,0.6940000000000001,0.0,0.13,0.40800000000000003,0.134,0.22799999999999998,0.08199999999999999,0.0,0.10800000000000001,0.376,0.0,0.0,0.0,0.0,0.0
120,4.8,0.98,1,-0.043,0.195,-0.013999999999999999,0.003,0.267,0.10400000000000001,0.0,0.688,0.0,0.134,0.42800000000000005,0.152,0.23399999999999999,0.086,0.0,0.10400000000000001,0.324,0.0,0.0,0.0,0.0,0.0
121,4.84,0.98,1,-0.048,0.192,-0.013999999999999999,0.003,0.267,0.11200000000000002,0.0,0.6839999999999999,0.0,0.128,0.44400000000000006,0.158,0.22200000000000003,0.08,0.0,0.086,0.298,0.0,0.0,0.0,0.0,0.0
122,4.88,0.98,1,-0.051,0.185,-0.016,0.003,0.268,0.11599999999999999,0.0,0.678,0.0,0.13,0.45599999999999996,0.154,0.22400000000000003,0.078,0.0,0.078,0.298,0.0,0.0,0.0,0.002,0.0
123,4.92,0.98,1,-0.053,0.185,-0.016,0.003,0.27,0.11200000000000002,0.0,0.6799999999999999,0.0,0.134,0.45199999999999996,0.142,0.22400000000000003,0.078,0.0,0.06999999999999999,0.312,0.0,0.0,0.0,0.002,0.0
124,4.96,0.98,1,-0.051,0.188,-0.018000000000000002,0.004,0.26899999999999996,0.11000000000000001,0.0,0.6799999999999999,0.0,0.13799999999999998,0.484,0.13,0.21600000000000003,0.08399999999999999,0.0,0.066,0.31,0.0,0.0,0.0,0.002,0.0
125,5.0,0.98,1,-0.061,0.188,-0.015,0.004,0.27,0.10600000000000001,0.0,0.67,0.0,0.142,0.522,0.118,0.22200000000000003,0.078,0.0,0.044,0.286,0.0,0.0,0.0,0.0,0.004
126,5.04,0.98,1,-0.055,0.19899999999999998,-0.009000000000000001,0.002,0.27,0.11000000000000001,0.0,0.6599999999999999,0.0,0.146,0.558,0.11399999999999999,0.2,0.06999999999999999,0.0,0.022,0.25,0.0,0.0,0.004,0.012,0.128
127,5.08,0.98,1,-0.081,0.28600000000000003,-0.011000000000000001,-0.006,0.266,0.122,0.0,0.628,0.0,0.16799999999999998,0.508,0.10200000000000001,0.192,0.072,0.034,0.0,0.22599999999999998,0.0,0.0,0.032,0.054000000000000006,0.33399999999999996
128,5.12,0.98,1,-0.066,0.326,-0.001,-0.005,0.262,0.128,0.0,0.602,0.0,0.19,0.48,0.08399999999999999,0.16,0.08199999999999999,0.10200000000000001,0.0,0.21000000000000002,0.032,0.006,0.072,0.11000000000000001,0.502
129,5.16,0.98,1,-0.052000000000000005,0.31,0.001,-0.01,0.257,0.1,0.0,0.53,0.0,0.22400000000000003,0.45999999999999996,0.05,0.136,0.158,0.16799999999999998,0.004,0.22200000000000003,0.06,0.052000000000000005,0.096,0.10600000000000001,0.40800000000000003
130,5.2,0.98,1,-0.059000000000000004,0.267,0.032,0.006999999999999999,0.25,0.05,0.0,0.44000000000000006,0.0,0.25,0.49000000000000005,0.024,0.11200000000000002,0.252,0.194,0.046,0.22400000000000003,0.08199999999999999,0.094,0.08,0.064,0.2
131,5.24,0.98,1,-0.06,0.254,0.040999999999999995,0.017,0.243,0.008,0.0,0.324,0.0,0.27999999999999997,0.476,0.006,0.096,0.344,0.21200000000000002,0.12,0.23199999999999998,0.05,0.136,0.041999999999999996,0.008,0.028000000000000004
132,5.28,0.98,1,-0.046,0.24600000000000002,0.036000000000000004,0.015,0.23199999999999998,0.0,0.0,0.248,0.0,0.296,0.47000000000000003,0.004,0.08199999999999999,0.372,0.23199999999999998,0.20400000000000001,0.21400000000000002,0.022,0.132,0.02,0.0,0.0
133,5.32,0.98,1,-0.025,0.237,0.028999999999999998,0.016,0.21899999999999997,0.0,0.0,0.178,0.0,0.292,0.45599999999999996,0.004,0.08199999999999999,0.388,0.244,0.238,0.186,0.0,0.124,0.006,0.0,0.0
134,5.36,0.98,1,-0.018000000000000002,0.245,0.031,0.024,0.21,0.10200000000000001,0.0,0.10200000000000001,0.04,0.27999999999999997,0.42800000000000005,0.004,0.06,0.40599999999999997,0.238,0.22200000000000003,0.16,0.0,0.076,0.016,0.0,0.0
135,5.4,0.98,1,-0.025,0.266,0.021,0.027999999999999997,0.201,0.24,0.034,0.03,0.072,0.25,0.364,0.0,0.062,0.40599999999999997,0.22999999999999998,0.188,0.13,0.0,0.032,0.012,0.002,0.0
136,5.44,0.98,1,-0.03,0.27,0.006,0.022000000000000002,0.19699999999999998,0.4,0.048,0.0,0.096,0.22599999999999998,0.344,0.0,0.076,0.394,0.21800000000000003,0.148,0.126,0.0,0.0,0.016,0.028000000000000004,0.0
137,5.48,0.98,1,-0.023,0.273,0.002,0.023,0.19399999999999998,0.454,0.08199999999999999,0.0,0.1,0.20400000000000001,0.322,0.0,0.122,0.366,0.21000000000000002,0.10800000000000001,0.10800000000000001,0.0,0.0,0.012,0.032,0.0
138,5.52,0.98,1,-0.025,0.267,-0.004,0.018000000000000002,0.198,0.45199999999999996,0.08,0.006,0.11200000000000002,0.194,0.32799999999999996,0.0,0.16,0.346,0.196,0.076,0.094,0.006,0.0,0.024,0.036,0.0
139,5.56,0.98,1,-0.027999999999999997,0.266,0.001,0.02,0.19699999999999998,0.40199999999999997,0.064,0.006,0.10400000000000001,0.186,0.31,0.0,0.16799999999999998,0.32599999999999996,0.21400000000000002,0.048,0.074,0.016,0.0,0.03,0.024,0.0
140,5.6,0.98,1,-0.039,0.245,-0.009000000000000001,0.019,0.20199999999999999,0.314,0.032,0.006,0.06,0.20400000000000001,0.36,0.0,0.16399999999999998,0.32599999999999996,0.202,0.03,0.064,0.032,0.0,0.044,0.024,0.02
141,5.64,0.98,1,-0.062,0.22899999999999998,-0.015,0.021,0.212,0.23199999999999998,0.002,0.012,0.016,0.25,0.398,0.0,0.16599999999999998,0.354,0.238,0.008,0.04,0.032,0.0,0.064,0.018,0.188
142,5.68,0.98,1,-0.10400000000000001,0.341,-0.024,0.021,0.22699999999999998,0.146,0.002,0.02,0.0,0.31,0.43,0.0,0.18,0.404,0.26,0.0,0.044,0.036,0.0,0.13799999999999998,0.004,0.398
143,5.72,0.98,1,-0.114,0.358,-0.006999999999999999,0.033,0.24100000000000002,0.076,0.0,0.02,0.0,0.358,0.44400000000000006,0.0,0.21200000000000002,0.45599999999999996,0.35,0.0,0.072,0.02,0.02,0.22599999999999998,0.0,0.506
144,5.76,0.98,1,-0.08199999999999999,0.287,-0.055999999999999994,0.013999999999999999,0.26,0.022,0.0,0.008,0.0,0.41,0.49800000000000005,0.0,0.27599999999999997,0.54,0.384,0.02,0.086,0.014000000000000002,0.02,0.35,0.006,0.384
145,5.8,0.98,1,-0.078,0.257,0.044000000000000004,0.040999999999999995,0.276,0.0,0.0,0.0,0.0,0.45,0.542,0.0,0.324,0.612,0.394,0.04,0.068,0.0,0.02,0.454,0.008,0.196
146,5.84,0.98,1,-0.08,0.24,0.057999999999999996,0.039,0.282,0.0,0.0,0.0,0.0,0.48200000000000004,0.562,0.0,0.368,0.6719999999999999,0.372,0.064,0.03,0.0,0.0,0.548,0.02,0.078
147,5.88,0.98,1,-0.083,0.247,0.07,0.04,0.285,0.0,0.0,0.0,0.0,0.484,0.576,0.0,0.364,0.6799999999999999,0.362,0.072,0.026000000000000002,0.0,0.0,0.5740000000000001,0.016,0.03
148,5.92,0.98,1,-0.083,0.243,0.07200000000000001,0.04,0.287,0.0,0.0,0.0,0.0,0.48,0.592,0.0,0.362,0.682,0.378,0.08,0.034,0.0,0.0,0.5700000000000001,0.014000000000000002,0.008
149,5.96,0.98,1,-0.08,0.24600000000000002,0.076,0.043,0.28800000000000003,0.0,0.0,0.0,0.0,0.47800000000000004,0.622,0.0,0.33199999999999996,0.67,0.358,0.076,0.057999999999999996,0.0,0.0,0.55,0.012,0.002
150,6.0,0.98,1,-0.083,0.248,0.071,0.051,0.292,0.0,0.0,0.0,0.0,0.47400000000000003,0.604,0.0,0.312,0.6639999999999999,0.356,0.078,0.078,0.0,0.0,0.548,0.014000000000000002,0.006
151,6.04,0.98,1,-0.084,0.244,0.064,0.05,0.293,0.0,0.0,0.0,0.0,0.47800000000000004,0.584,0.0,0.31,0.65,0.346,0.06,0.10200000000000001,0.0,0.0,0.55,0.02,0.012
152,6.08,0.98,1,-0.085,0.243,0.063,0.052000000000000005,0.293,0.0,0.0,0.0,0.0,0.476,0.562,0.0,0.32,0.65,0.33999999999999997,0.041999999999999996,0.08199999999999999,0.0,0.0,0.5519999999999999,0.018,0.012
153,6.12,0.98,1,-0.084,0.242,0.061,0.05,0.293,0.0,0.0,0.0,0.0,0.472,0.5599999999999999,0.0,0.32799999999999996,0.644,0.33199999999999996,0.014000000000000002,0.06,0.0,0.0,0.546,0.022,0.016
154,6.16,0.98,1,-0.084,0.24100000000000002,0.059000000000000004,0.049,0.294,0.0,0.0,0.0,0.0,0.47400000000000003,0.5660000000000001,0.0,0.33799999999999997,0.644,0.322,0.01,0.04,0.0,0.0,0.528,0.02,0.01
155,6.2,0.98,1,-0.084,0.239,0.06,0.047,0.295,0.0,0.0,0.0,0.0,0.476,0.5740000000000001,0.0,0.348,0.636,0.32599999999999996,0.022,0.052000000000000005,0.0,0.002,0.518,0.01,0.008
156,6.24,0.98,1,-0.08900000000000001,0.243,0.061,0.046,0.29600000000000004,0.0,0.0,0.0,0.0,0.48,0.576,0.0,0.358,0.634,0.324,0.034,0.074,0.0,0.004,0.5,0.004,0.0
157,6.28,0.98,1,-0.085,0.242,0.063,0.046,0.298,0.0,0.0,0.0,0.0,0.48200000000000004,0.5900000000000001,0.0,0.358,0.63,0.31,0.038,0.086,0.0,0.004,0.506,0.012,0.0
158,6.32,0.98,1,-0.087,0.245,0.06,0.046,0.301,0.0,0.0,0.0,0.0,0.48200000000000004,0.5940000000000001,0.0,0.358,0.63,0.298,0.04,0.09,0.0,0.008,0.49800000000000005,0.014000000000000002,0.0
159,6.36,0.98,1,-0.09,0.242,0.06,0.046,0.302,0.0,0.0,0.0,0.0,0.47800000000000004,0.606,0.0,0.35,0.628,0.274,0.022,0.076,0.0,0.014000000000000002,0.512,0.018,0.0
160,6.4,0.98,1,-0.091,0.24,0.057999999999999996,0.044000000000000004,0.304,0.0,0.0,0.0,0.0,0.47800000000000004,0.5860000000000001,0.0,0.352,0.63,0.27599999999999997,0.016,0.057999999999999996,0.0,0.024,0.52,0.008,0.0
161,6.44,0.98,1,-0.09,0.24100000000000002,0.055999999999999994,0.045,0.302,0.0,0.0,0.0,0.0,0.48,0.5599999999999999,0.0,0.354,0.63,0.288,0.0,0.032,0.0,0.03,0.532,0.006,0.0
162,6.48,0.98,1,-0.08900000000000001,0.23800000000000002,0.051,0.046,0.301,0.0,0.0,0.0,0.0,0.48600000000000004,0.546,0.0,0.356,0.632,0.302,0.0,0.03,0.0,0.028000000000000004,0.53,0.002,0.0
163,6.52,0.98,1,-0.083,0.23800000000000002,0.049,0.046,0.298,0.0,0.0,0.0,0.0,0.484,0.55,0.0,0.344,0.628,0.308,0.0,0.032,0.0,0.034,0.512,0.002,0.0
164,6.56,0.98,1,-0.083,0.24100000000000002,0.048,0.046,0.295,0.0,0.0,0.0,0.0,0.48,0.5599999999999999,0.0,0.33199999999999996,0.624,0.312,0.008,0.034,0.0,0.036,0.508,0.0,0.0
165,6.6,0.98,1,-0.086,0.23800000000000002,0.043,0.047,0.292,0.0,0.0,0.0,0.0,0.472,0.5599999999999999,0.0,0.32799999999999996,0.622,0.31,0.008,0.022,0.0,0.036,0.518,0.0,0.0
166,6.64,0.98,1,-0.084,0.242,0.043,0.047,0.289,0.0,0.0,0.0,0.0,0.472,0.5599999999999999,0.0,0.33199999999999996,0.624,0.318,0.008,0.008,0.0,0.03,0.536,0.0,0.002
167,6.68,0.98,1,-0.081,0.24100000000000002,0.044000000000000004,0.047,0.287,0.0,0.0,0.0,0.0,0.476,0.5820000000000001,0.0,0.33999999999999997,0.63,0.306,0.016,0.006,0.0,0.034,0.538,0.0,0.002
168,6.72,0.98,1,-0.08199999999999999,0.245,0.046,0.048,0.28600000000000003,0.0,0.0,0.0,0.0,0.47800000000000004,0.592,0.0,0.33999999999999997,0.63,0.302,0.018,0.0,0.0,0.032,0.5519999999999999,0.0,0.002
169,6.76,0.98,1,-0.083,0.244,0.046,0.047,0.28600000000000003,0.0,0.0,0.0,0.0,0.476,0.5940000000000001,0.0,0.33799999999999997,0.626,0.284,0.016,0.002,0.0,0.03,0.5599999999999999,0.0,0.002
170,6.8,0.98,1,-0.085,0.244,0.047,0.048,0.28800000000000003,0.0,0.0,0.0,0.0,0.472,0.5740000000000001,0.0,0.32999999999999996,0.618,0.288,0.002,0.01,0.0,0.024,0.5660000000000001,0.0,0.002
171,6.84,0.98,1,-0.084,0.247,0.048,0.047,0.28800000000000003,0.0,0.0,0.0,0.0,0.472,0.5559999999999999,0.0,0.33799999999999997,0.618,0.288,0.0,0.022,0.0,0.032,0.5700000000000001,0.002,0.002
172,6.88,0.98,1,-0.087,0.245,0.049,0.048,0.289,0.0,0.0,0.0,0.0,0.47400000000000003,0.55,0.0,0.344,0.618,0.302,0.0,0.022,0.0,0.038,0.5700000000000001,0.002,0.004
173,6.92,0.98,1,-0.084,0.243,0.05,0.049,0.289,0.0,0.0,0.0,0.0,0.47400000000000003,0.53,0.0,0.34199999999999997,0.616,0.294,0.0,0.022,0.0,0.04,0.5660000000000001,0.002,0.004
174,6.96,0.98,1,-0.084,0.24,0.051,0.048,0.29100000000000004,0.0,0.0,0.0,0.0,0.46799999999999997,0.516,0.0,0.33199999999999996,0.608,0.29,0.0,0.018,0.0,0.041999999999999996,0.54,0.0,0.006
175,7.0,0.98,1,-0.087,0.23800000000000002,0.05,0.048,0.29100000000000004,0.0,0.0,0.0,0.0,0.46799999999999997,0.506,0.0,0.32799999999999996,0.61,0.27599999999999997,0.0,0.034,0.0,0.04,0.52,0.0,0.002
176,7.04,0.98,1,-0.084,0.24100000000000002,0.05,0.048,0.29100000000000004,0.0,0.0,0.0,0.0,0.46399999999999997,0.526,0.0,0.33199999999999996,0.612,0.282,0.008,0.04,0.0,0.034,0.516,0.0,0.008
177,7.08,0.98,1,-0.08199999999999999,0.243,0.05,0.046,0.29100000000000004,0.0,0.0,0.0,0.0,0.466,0.544,0.0,0.34199999999999997,0.616,0.284,0.008,0.05,0.0,0.032,0.52,0.014000000000000002,0.006
178,7.12,0.98,1,-0.08,0.24100000000000002,0.051,0.046,0.292,0.0,0.0,0.0,0.0,0.462,0.5559999999999999,0.0,0.33599999999999997,0.61,0.286,0.016,0.052000000000000005,0.0,0.028000000000000004,0.508,0.016,0.006
179,7.16,0.98,1,-0.081,0.243,0.052000000000000005,0.045,0.29,0.0,0.0,0.0,0.0,0.46399999999999997,0.5660000000000001,0.0,0.346,0.608,0.272,0.016,0.06,0.0,0.024,0.508,0.016,0.002
180,7.2,0.98,1,-0.076,0.244,0.051,0.045,0.29100000000000004,0.0,0.0,0.0,0.0,0.46399999999999997,0.58,0.0,0.346,0.606,0.272,0.016,0.066,0.0,0.02,0.522,0.002,0.004
181,7.24,0.98,1,-0.075,0.243,0.049,0.043,0.29100000000000004,0.0,0.0,0.0,0.0,0.47000000000000003,0.58,0.0,0.348,0.608,0.27999999999999997,0.018,0.054000000000000006,0.0,0.018,0.534,0.0,0.004
182,7.28,0.98,1,-0.078,0.239,0.048,0.044000000000000004,0.29,0.0,0.0,0.0,0.0,0.472,0.564,0.0,0.33799999999999997,0.606,0.298,0.012,0.05,0.0,0.016,0.53,0.0,0.002
183,7.32,0.98,1,-0.078,0.24,0.046,0.043,0.289,0.0,0.0,0.0,0.0,0.472,0.558,0.0,0.32999999999999996,0.606,0.316,0.018,0.044,0.0,0.02,0.52,0.0,0.002
184,7.36,0.98,1,-0.077,0.23399999999999999,0.043,0.042,0.28800000000000003,0.0,0.0,0.0,0.0,0.46399999999999997,0.5700000000000001,0.0,0.346,0.608,0.324,0.012,0.06999999999999999,0.0,0.026000000000000002,0.53,0.004,0.0
185,7.4,0.98,1,-0.08,0.23199999999999998,0.040999999999999995,0.040999999999999995,0.28800000000000003,0.0,0.0,0.0,0.0,0.466,0.5860000000000001,0.0,0.35,0.61,0.322,0.014000000000000002,0.066,0.0,0.032,0.528,0.004,0.0
186,7.44,0.98,1,-0.078,0.23399999999999999,0.042,0.040999999999999995,0.28800000000000003,0.0,0.0,0.0,0.0,0.46799999999999997,0.5900000000000001,0.0,0.344,0.608,0.32799999999999996,0.01,0.06999999999999999,0.0,0.034,0.516,0.006,0.0
187,7.48,0.98,1,-0.078,0.23399999999999999,0.044000000000000004,0.043,0.28800000000000003,0.0,0.0,0.0,0.0,0.46399999999999997,0.588,0.0,0.32999999999999996,0.604,0.32799999999999996,0.004,0.05,0.0,0.028000000000000004,0.508,0.01,0.0
188,7.52,0.98,1,-0.076,0.237,0.045,0.044000000000000004,0.289,0.0,0.0,0.0,0.0,0.45,0.592,0.0,0.306,0.604,0.32,0.004,0.046,0.0,0.018,0.526,0.01,0.004
189,7.56,0.98,1,-0.081,0.244,0.049,0.046,0.29,0.002,0.0,0.0,0.0,0.44000000000000006,0.5900000000000001,0.0,0.294,0.608,0.296,0.0,0.024,0.0,0.008,0.534,0.01,0.008
190,7.6,0.98,1,-0.083,0.243,0.051,0.048,0.29,0.02,0.0,0.0,0.0,0.434,0.554,0.0,0.274,0.612,0.282,0.0,0.02,0.0,0.0,0.538,0.0,0.008
191,7.64,0.98,1,-0.084,0.249,0.049,0.05,0.289,0.05600000000000001,0.0,0.0,0.0,0.426,0.512,0.0,0.27999999999999997,0.622,0.27999999999999997,0.0,0.006,0.0,0.0,0.516,0.0,0.004
192,7.68,0.98,1,-0.078,0.252,0.046,0.049,0.28800000000000003,0.13799999999999998,0.016,0.0,0.0,0.40599999999999997,0.45599999999999996,0.0,0.26,0.63,0.27999999999999997,0.0,0.018,0.0,0.0,0.512,0.0,0.002
193,7.72,0.98,1,-0.08199999999999999,0.258,0.043,0.05,0.28800000000000003,0.244,0.016,0.0,0.0,0.382,0.41,0.0,0.256,0.62,0.286,0.0,0.018,0.0,0.0,0.492,0.0,0.014000000000000002
194,7.76,0.98,1,-0.08,0.29,0.037000000000000005,0.045,0.287,0.33999999999999997,0.03,0.0,0.004,0.35,0.37,0.0,0.256,0.5740000000000001,0.288,0.0,0.018,0.0,0.0,0.47400000000000003,0.022,0.036
195,7.8,0.98,1,-0.08199999999999999,0.28800000000000003,0.031,0.042,0.28300000000000003,0.382,0.041999999999999996,0.0,0.004,0.32799999999999996,0.394,0.0,0.274,0.512,0.304,0.0,0.004,0.0,0.0,0.434,0.04,0.076
196,7.84,0.98,1,-0.1,0.29600000000000004,0.028999999999999998,0.038,0.27899999999999997,0.4,0.10600000000000001,0.0,0.004,0.31,0.434,0.0,0.27599999999999997,0.466,0.298,0.0,0.032,0.0,0.0,0.41,0.04,0.11000000000000001
197,7.88,0.98,1,-0.095,0.301,0.032,0.038,0.271,0.392,0.142,0.0,0.02,0.302,0.48,0.0,0.27599999999999997,0.446,0.298,0.0,0.044,0.0,0.0,0.382,0.052000000000000005,0.11000000000000001
198,7.92,0.98,1,-0.087,0.298,0.035,0.044000000000000004,0.26,0.394,0.156,0.0,0.078,0.272,0.43200000000000005,0.0,0.262,0.43600000000000005,0.288,0.0,0.066,0.0,0.0,0.384,0.074,0.06999999999999999
199,7.96,0.98,1,-0.063,0.312,0.039,0.054000000000000006,0.243,0.39,0.13799999999999998,0.0,0.172,0.246,0.382,0.0,0.22799999999999998,0.42800000000000005,0.29,0.0,0.036,0.0,0.0,0.40800000000000003,0.11399999999999999,0.024
200,8.0,0.98,1,-0.076,0.32299999999999995,0.026000000000000002,0.055999999999999994,0.23399999999999999,0.394,0.10400000000000001,0.0,0.266,0.21800000000000003,0.304,0.0,0.184,0.414,0.272,0.0,0.024,0.0,0.0,0.434,0.118,0.0
201,8.04,0.98,1,-0.07,0.322,0.011000000000000001,0.061,0.226,0.398,0.066,0.0,0.322,0.202,0.246,0.0,0.162,0.40199999999999997,0.254,0.0,0.0,0.0,0.0,0.454,0.124,0.0
202,8.08,0.98,1,-0.07200000000000001,0.32899999999999996,-0.003,0.068,0.217,0.394,0.04,0.0,0.32599999999999996,0.182,0.19,0.0,0.16799999999999998,0.382,0.22799999999999998,0.0,0.0,0.0,0.0,0.43600000000000005,0.13999999999999999,0.0
203,8.12,0.98,1,-0.07,0.32799999999999996,-0.017,0.076,0.21,0.40800000000000003,0.024,0.0,0.284,0.16599999999999998,0.158,0.0,0.16599999999999998,0.376,0.21600000000000003,0.0,0.0,0.0,0.0,0.466,0.126,0.002
204,8.16,0.98,1,-0.067,0.332,-0.03,0.094,0.198,0.442,0.03,0.0,0.304,0.16399999999999998,0.142,0.0,0.16999999999999998,0.376,0.22599999999999998,0.0,0.0,0.0,0.0,0.44800000000000006,0.11399999999999999,0.002
205,8.2,0.98,1,-0.075,0.32799999999999996,-0.039,0.091,0.22,0.462,0.01,0.0,0.32799999999999996,0.16,0.152,0.0,0.152,0.384,0.23399999999999999,0.0,0.0,0.0,0.0,0.42800000000000005,0.08,0.002
206,8.24,0.98,1,-0.084,0.33399999999999996,-0.040999999999999995,0.075,0.226,0.466,0.016,0.0,0.4,0.146,0.13999999999999999,0.0,0.144,0.366,0.23399999999999999,0.0,0.0,0.0,0.0,0.376,0.066,0.0
207,8.28,0.98,1,-0.085,0.32899999999999996,-0.053,0.062,0.23,0.46399999999999997,0.014000000000000002,0.0,0.40199999999999997,0.136,0.16,0.0,0.13,0.348,0.20800000000000002,0.0,0.0,0.0,0.0,0.388,0.06999999999999999,0.0
208,8.32,0.98,1,-0.086,0.35,-0.033,0.079,0.21,0.45599999999999996,0.034,0.0,0.41,0.11599999999999999,0.16399999999999998,0.0,0.128,0.32599999999999996,0.178,0.0,0.0,0.0,0.0,0.396,0.06,0.0
209,8.36,0.98,1,-0.08199999999999999,0.336,-0.040999999999999995,0.059000000000000004,0.223,0.45199999999999996,0.041999999999999996,0.0,0.384,0.11200000000000002,0.182,0.0,0.118,0.316,0.15,0.0,0.0,0.0,0.0,0.39,0.088,0.0
210,8.4,0.98,1,-0.079,0.34700000000000003,-0.022000000000000002,0.066,0.21,0.41600000000000004,0.057999999999999996,0.0,0.392,0.11000000000000001,0.16799999999999998,0.0,0.11200000000000002,0.306,0.13999999999999999,0.0,0.0,0.006,0.0,0.368,0.08199999999999999,0.0
211,8.44,0.98,1,-0.07400000000000001,0.34700000000000003,-0.018000000000000002,0.066,0.204,0.396,0.06,0.0,0.368,0.124,0.18,0.0,0.092,0.31,0.148,0.0,0.0,0.014000000000000002,0.0,0.366,0.1,0.0
212,8.48,0.98,1,-0.065,0.342,-0.019,0.066,0.201,0.388,0.057999999999999996,0.0,0.35,0.134,0.178,0.0,0.092,0.322,0.172,0.0,0.0,0.026000000000000002,0.0,0.396,0.094,0.0
213,8.52,0.98,1,-0.06,0.33799999999999997,-0.019,0.066,0.201,0.384,0.052000000000000005,0.0,0.308,0.13799999999999998,0.19,0.0,0.09,0.33199999999999996,0.178,0.0,0.0,0.022,0.0,0.414,0.118,0.0
214,8.56,0.98,1,-0.055999999999999994,0.336,-0.011000000000000001,0.064,0.201,0.396,0.05600000000000001,0.0,0.302,0.144,0.16399999999999998,0.0,0.1,0.34199999999999997,0.2,0.0,0.0,0.014000000000000002,0.0,0.426,0.126,0.0
215,8.6,0.98,1,-0.063,0.337,-0.013000000000000001,0.062,0.201,0.41,0.064,0.0,0.282,0.13999999999999999,0.16599999999999998,0.0,0.09,0.35,0.196,0.0,0.0,0.002,0.0,0.43,0.13999999999999999,0.0
216,8.64,0.98,1,-0.059000000000000004,0.337,-0.008,0.064,0.20199999999999999,0.422,0.064,0.0,0.268,0.13999999999999999,0.174,0.0,0.088,0.356,0.20600000000000002,0.0,0.0,0.01,0.0,0.438,0.118,0.0
217,8.68,0.98,1,-0.06,0.33399999999999996,-0.012,0.063,0.201,0.41600000000000004,0.05,0.0,0.262,0.136,0.192,0.0,0.086,0.35,0.182,0.0,0.0,0.01,0.0,0.45,0.13999999999999999,0.0
218,8.72,0.98,1,-0.057999999999999996,0.337,-0.004,0.066,0.20199999999999999,0.40800000000000003,0.038,0.0,0.284,0.13799999999999998,0.196,0.0,0.1,0.346,0.186,0.0,0.0,0.016,0.0,0.442,0.13999999999999999,0.0
219,8.76,0.98,1,-0.06,0.33299999999999996,-0.012,0.06,0.204,0.41,0.018,0.0,0.312,0.136,0.194,0.0,0.10400000000000001,0.34199999999999997,0.184,0.0,0.0,0.008,0.0,0.44000000000000006,0.174,0.0
220,8.8,0.98,1,-0.061,0.336,-0.012,0.059000000000000004,0.204,0.41600000000000004,0.008,0.0,0.35,0.136,0.2,0.0,0.11000000000000001,0.34199999999999997,0.202,0.0,0.0,0.022,0.0,0.42800000000000005,0.16999999999999998,0.0
221,8.84,0.98,1,-0.059000000000000004,0.332,-0.01,0.057,0.20600000000000002,0.42400000000000004,0.0,0.0,0.364,0.134,0.184,0.0,0.11200000000000002,0.34199999999999997,0.198,0.0,0.0,0.014000000000000002,0.0,0.42800000000000005,0.16999999999999998,0.0
222,8.88,0.98,1,-0.057,0.32799999999999996,-0.005,0.057,0.20800000000000002,0.42000000000000004,0.0,0.0,0.38,0.13999999999999999,0.184,0.0,0.10400000000000001,0.33999999999999997,0.186,0.0,0.0,0.024,0.0,0.41600000000000004,0.148,0.0
223,8.92,0.98,1,-0.054000000000000006,0.326,-0.006999999999999999,0.057,0.209,0.422,0.01,0.0,0.32599999999999996,0.152,0.19,0.0,0.098,0.33399999999999996,0.158,0.0,0.0,0.01,0.0,0.41,0.144,0.01
224,8.96,0.98,1,-0.065,0.325,0.006999999999999999,0.06,0.21100000000000002,0.418,0.038,0.008,0.20600000000000002,0.18,0.25,0.0,0.10200000000000001,0.32599999999999996,0.15,0.0,0.0,0.01,0.0,0.394,0.176,0.132
225,9.0,0.98,1,-0.091,0.341,0.006,0.055999999999999994,0.21,0.426,0.098,0.034,0.076,0.21600000000000003,0.35,0.0,0.126,0.33199999999999996,0.162,0.0,0.0,0.0,0.0,0.378,0.21600000000000003,0.316
226,9.04,0.98,1,-0.12,0.392,-0.001,0.055,0.20800000000000002,0.45999999999999996,0.148,0.057999999999999996,0.0,0.242,0.422,0.0,0.15,0.348,0.202,0.0,0.0,0.008,0.0,0.368,0.248,0.5
227,9.08,0.98,1,-0.131,0.41,0.003,0.064,0.20600000000000002,0.516,0.174,0.08,0.0,0.26,0.472,0.0,0.182,0.38,0.254,0.0,0.0,0.018,0.0,0.34199999999999997,0.202,0.58
228,9.12,0.98,1,-0.142,0.409,0.01,0.073,0.204,0.55,0.146,0.1,0.0,0.26,0.466,0.0,0.202,0.4,0.306,0.0,0.0,0.036,0.0,0.322,0.16599999999999998,0.596
229,9.16,0.98,1,-0.142,0.40700000000000003,0.016,0.059000000000000004,0.215,0.564,0.12,0.136,0.0,0.26,0.47000000000000003,0.0,0.21000000000000002,0.41200000000000003,0.33999999999999997,0.0,0.0,0.05,0.0,0.314,0.13,0.608
230,9.2,0.98,1,-0.145,0.41600000000000004,0.026000000000000002,0.068,0.20800000000000002,0.5519999999999999,0.10800000000000001,0.152,0.0,0.246,0.46799999999999997,0.0,0.19,0.40599999999999997,0.33599999999999997,0.0,0.0,0.05,0.0,0.306,0.16999999999999998,0.608
231,9.24,0.98,1,-0.13699999999999998,0.42,0.017,0.05,0.22,0.518,0.11200000000000002,0.15,0.0,0.238,0.44800000000000006,0.0,0.16799999999999998,0.396,0.312,0.0,0.0,0.046,0.0,0.308,0.16999999999999998,0.5980000000000001
232,9.28,0.98,1,-0.132,0.40299999999999997,0.019,0.051,0.21100000000000002,0.49000000000000005,0.11200000000000002,0.126,0.0,0.22000000000000003,0.422,0.0,0.154,0.382,0.272,0.0,0.0,0.05,0.0,0.308,0.156,0.528
233,9.32,0.98,1,-0.073,0.353,0.016,0.055999999999999994,0.20800000000000002,0.46799999999999997,0.10200000000000001,0.086,0.0,0.20800000000000002,0.368,0.0,0.144,0.362,0.246,0.0,0.0,0.04,0.0,0.32799999999999996,0.11599999999999999,0.354
234,9.36,0.98,1,-0.071,0.27,0.005,0.059000000000000004,0.207,0.476,0.096,0.044,0.0,0.194,0.33199999999999996,0.0,0.118,0.352,0.22000000000000003,0.0,0.0,0.032,0.0,0.33999999999999997,0.12,0.184
235,9.4,0.98,1,-0.07200000000000001,0.264,0.003,0.057,0.207,0.46799999999999997,0.096,0.008,0.016,0.176,0.27799999999999997,0.0,0.10400000000000001,0.344,0.20400000000000001,0.0,0.0,0.004,0.0,0.352,0.118,0.05600000000000001
236,9.44,0.98,1,-0.066,0.26899999999999996,0.001,0.057999999999999996,0.207,0.47800000000000004,0.118,0.0,0.04,0.16399999999999998,0.268,0.0,0.10200000000000001,0.34199999999999997,0.198,0.0,0.0,0.006,0.0,0.368,0.118,0.026000000000000002
237,9.48,0.98,1,-0.055999999999999994,0.287,-0.005,0.057999999999999996,0.205,0.484,0.146,0.0,0.066,0.146,0.238,0.0,0.10600000000000001,0.33799999999999997,0.192,0.0,0.0,0.002,0.0,0.378,0.094,0.006
238,9.52,0.98,1,-0.046,0.287,-0.009000000000000001,0.057,0.205,0.5,0.148,0.004,0.078,0.136,0.24,0.0,0.10200000000000001,0.33199999999999996,0.188,0.0,0.0,0.01,0.0,0.37,0.09,0.0
239,9.56,0.98,1,-0.046,0.287,-0.01,0.057999999999999996,0.205,0.51,0.134,0.004,0.10800000000000001,0.13,0.238,0.0,0.1,0.32799999999999996,0.19,0.0,0.0,0.016,0.0,0.356,0.11599999999999999,0.0
240,9.6,0.98,1,-0.042,0.289,-0.012,0.057999999999999996,0.204,0.52,0.11200000000000002,0.012,0.128,0.134,0.24,0.0,0.1,0.322,0.178,0.0,0.0,0.022,0.0,0.36,0.13,0.0
241,9.64,0.98,1,-0.048,0.295,-0.012,0.057,0.204,0.522,0.11399999999999999,0.008,0.16599999999999998,0.136,0.238,0.0,0.09,0.322,0.178,0.0,0.0,0.014000000000000002,0.0,0.35,0.146,0.0
242,9.68,0.98,1,-0.046,0.294,-0.013000000000000001,0.055999999999999994,0.205,0.504,0.13,0.006,0.11200000000000002,0.154,0.268,0.0,0.078,0.32,0.16799999999999998,0.0,0.0,0.004,0.0,0.34199999999999997,0.132,0.026000000000000002
243,9.72,0.98,1,-0.07400000000000001,0.276,0.001,0.057,0.205,0.496,0.16,0.048,0.066,0.19,0.344,0.0,0.094,0.33199999999999996,0.20600000000000002,0.0,0.0,0.01,0.0,0.33599999999999997,0.15,0.188
244,9.76,0.98,1,-0.092,0.373,-0.0,0.057,0.20199999999999999,0.508,0.188,0.126,0.0,0.22799999999999998,0.414,0.0,0.128,0.348,0.246,0.0,0.0,0.034,0.0,0.33999999999999997,0.188,0.384
245,9.8,0.98,1,-0.151,0.413,0.013000000000000001,0.063,0.2,0.532,0.194,0.202,0.0,0.248,0.43200000000000005,0.0,0.162,0.366,0.282,0.0,0.0,0.05600000000000001,0.0,0.314,0.22000000000000003,0.5599999999999999
246,9.84,0.98,1,-0.145,0.419,0.017,0.06,0.2,0.536,0.19,0.21400000000000002,0.0,0.24,0.418,0.0,0.156,0.354,0.27999999999999997,0.0,0.0,0.068,0.0,0.296,0.23399999999999999,0.5740000000000001
247,9.88,0.98,1,-0.125,0.396,0.013999999999999999,0.049,0.19899999999999998,0.504,0.16999999999999998,0.156,0.0,0.21200000000000002,0.376,0.0,0.118,0.32999999999999996,0.258,0.0,0.0,0.06999999999999999,0.0,0.304,0.22599999999999998,0.44400000000000006
248,9.92,0.98,1,-0.08199999999999999,0.29,0.015,0.048,0.204,0.484,0.158,0.096,0.0,0.182,0.348,0.0,0.074,0.306,0.22999999999999998,0.0,0.0,0.08199999999999999,0.0,0.33799999999999997,0.20600000000000002,0.27799999999999997
249,9.96,0.98,1,-0.067,0.267,0.015,0.046,0.203,0.47000000000000003,0.134,0.054000000000000006,0.006,0.158,0.324,0.0,0.054000000000000006,0.288,0.178,0.0,0.0,0.072,0.0,0.354,0.21200000000000002,0.128
250,10.0,0.98,1,-0.062,0.266,0.013999999999999999,0.047,0.203,0.47000000000000003,0.11000000000000001,0.041999999999999996,0.016,0.15,0.33399999999999996,0.0,0.046,0.282,0.144,0.0,0.0,0.068,0.0,0.354,0.22200000000000003,0.078
251,10.04,0.98,1,-0.066,0.26899999999999996,0.013999999999999999,0.046,0.204,0.458,0.074,0.03,0.034,0.142,0.344,0.0,0.046,0.274,0.10400000000000001,0.0,0.0,0.052000000000000005,0.0,0.352,0.24,0.057999999999999996
252,10.08,0.98,1,-0.055,0.268,0.013000000000000001,0.046,0.204,0.462,0.08,0.022,0.034,0.128,0.34199999999999997,0.0,0.05600000000000001,0.27,0.11399999999999999,0.0,0.0,0.05600000000000001,0.0,0.34199999999999997,0.254,0.038
253,10.12,0.98,1,-0.053,0.276,0.015,0.047,0.205,0.46399999999999997,0.086,0.022,0.036,0.11000000000000001,0.314,0.0,0.054000000000000006,0.248,0.11200000000000002,0.0,0.0,0.034,0.0,0.308,0.26,0.02
254,10.16,0.98,1,-0.047,0.282,0.015,0.043,0.205,0.484,0.1,0.034,0.04,0.094,0.258,0.0,0.048,0.22200000000000003,0.13,0.0,0.0,0.016,0.0,0.22400000000000003,0.26,0.008
255,10.2,0.98,1,-0.046,0.27699999999999997,-0.009000000000000001,0.035,0.205,0.49000000000000005,0.08399999999999999,0.022,0.057999999999999996,0.074,0.194,0.0,0.02,0.196,0.11200000000000002,0.0,0.0,0.0,0.0,0.11599999999999999,0.22599999999999998,0.002
256,10.24,0.98,1,-0.037000000000000005,0.26899999999999996,-0.022000000000000002,0.026000000000000002,0.203,0.49000000000000005,0.10800000000000001,0.016,0.064,0.06,0.188,0.0,0.016,0.194,0.118,0.0,0.0,0.0,0.0,0.034,0.194,0.0
257,10.28,0.98,1,-0.028999999999999998,0.264,-0.026000000000000002,0.018000000000000002,0.203,0.44400000000000006,0.142,0.0,0.118,0.06999999999999999,0.186,0.0,0.022,0.22400000000000003,0.13999999999999999,0.0,0.0,0.0,0.002,0.004,0.15,0.0
258,10.32,0.98,1,-0.027999999999999997,0.251,-0.032,-0.0,0.20600000000000002,0.422,0.176,0.0,0.198,0.098,0.22999999999999998,0.0,0.036,0.26,0.148,0.026000000000000002,0.0,0.0,0.018,0.0,0.10800000000000001,0.0
259,10.36,0.98,1,-0.032,0.247,-0.037000000000000005,-0.015,0.207,0.394,0.16399999999999998,0.0,0.27599999999999997,0.13799999999999998,0.25,0.0,0.046,0.288,0.16399999999999998,0.038,0.008,0.0,0.04,0.0,0.08,0.0
260,10.4,0.98,1,-0.03,0.245,-0.034,-0.018000000000000002,0.20600000000000002,0.4,0.156,0.0,0.286,0.156,0.284,0.0,0.062,0.308,0.136,0.046,0.026000000000000002,0.008,0.057999999999999996,0.0,0.074,0.0
261,10.44,0.98,1,-0.013999999999999999,0.247,-0.035,-0.017,0.204,0.39,0.13,0.0,0.262,0.176,0.296,0.0,0.066,0.33199999999999996,0.148,0.041999999999999996,0.046,0.022,0.06999999999999999,0.0,0.08,0.0
262,10.48,0.98,1,-0.009000000000000001,0.255,-0.035,-0.018000000000000002,0.198,0.40599999999999997,0.142,0.0,0.268,0.174,0.27999999999999997,0.0,0.066,0.34199999999999997,0.12,0.038,0.09,0.038,0.064,0.0,0.08399999999999999,0.0
263,10.52,0.98,1,-0.013999999999999999,0.254,-0.032,-0.018000000000000002,0.18899999999999997,0.40199999999999997,0.16399999999999998,0.0,0.27599999999999997,0.174,0.274,0.0,0.05600000000000001,0.32999999999999996,0.134,0.046,0.1,0.05,0.057999999999999996,0.0,0.1,0.0
264,10.56,0.98,1,-0.005,0.255,-0.032,-0.016,0.184,0.4,0.21200000000000002,0.0,0.27799999999999997,0.16,0.272,0.0,0.052000000000000005,0.316,0.13999999999999999,0.044,0.11200000000000002,0.06,0.03,0.0,0.11200000000000002,0.0
265,10.6,0.98,1,-0.003,0.257,-0.028999999999999998,-0.013000000000000001,0.18,0.388,0.22999999999999998,0.0,0.248,0.15,0.292,0.0,0.048,0.306,0.16599999999999998,0.048,0.074,0.068,0.012,0.0,0.10400000000000001,0.0
266,10.64,0.98,1,-0.005,0.256,-0.028999999999999998,-0.012,0.17800000000000002,0.386,0.202,0.0,0.238,0.13799999999999998,0.314,0.0,0.038,0.296,0.156,0.03,0.08399999999999999,0.066,0.0,0.006,0.08199999999999999,0.0
267,10.68,0.98,1,-0.002,0.258,-0.028999999999999998,-0.011000000000000001,0.177,0.40800000000000003,0.196,0.0,0.21600000000000003,0.128,0.32599999999999996,0.0,0.041999999999999996,0.284,0.144,0.012,0.076,0.044,0.0,0.008,0.09,0.0
268,10.72,0.98,1,-0.002,0.264,-0.03,-0.012,0.175,0.44000000000000006,0.202,0.0,0.196,0.126,0.33199999999999996,0.0,0.038,0.266,0.122,0.0,0.086,0.02,0.0,0.012,0.118,0.0
269,10.76,0.98,1,-0.002,0.267,-0.027999999999999997,-0.015,0.17600000000000002,0.484,0.20800000000000002,0.0,0.11200000000000002,0.126,0.384,0.0,0.041999999999999996,0.238,0.128,0.0,0.076,0.004,0.0,0.008,0.144,0.0
270,10.8,0.98,1,-0.036000000000000004,0.267,-0.013000000000000001,-0.017,0.177,0.48200000000000004,0.192,0.024,0.052000000000000005,0.158,0.48600000000000004,0.018,0.04,0.21400000000000002,0.136,0.0,0.096,0.002,0.0,0.004,0.13999999999999999,0.054000000000000006
271,10.84,0.98,1,-0.05,0.28600000000000003,-0.006,-0.017,0.182,0.49800000000000005,0.22999999999999998,0.096,0.0,0.198,0.6679999999999999,0.054000000000000006,0.078,0.20400000000000001,0.13,0.0,0.146,0.002,0.0,0.0,0.144,0.142
272,10.88,0.98,1,-0.034,0.311,-0.013999999999999999,-0.022000000000000002,0.183,0.45199999999999996,0.192,0.25,0.0,0.268,0.762,0.118,0.148,0.20600000000000002,0.096,0.0,0.19,0.0,0.0,0.0,0.096,0.21600000000000003
273,10.92,0.98,1,-0.053,0.302,0.004,-0.006999999999999999,0.175,0.392,0.132,0.40599999999999997,0.0,0.318,0.8400000000000001,0.172,0.242,0.20600000000000002,0.05600000000000001,0.0,0.22200000000000003,0.0,0.0,0.0,0.057999999999999996,0.22799999999999998
274,10.96,0.98,1,-0.037000000000000005,0.27899999999999997,0.013999999999999999,0.001,0.166,0.266,0.018,0.508,0.0,0.366,0.8160000000000001,0.21200000000000002,0.306,0.198,0.02,0.0,0.22000000000000003,0.0,0.0,0.0,0.0,0.196
275,11.0,0.98,1,-0.036000000000000004,0.251,0.009000000000000001,0.006,0.162,0.182,0.0,0.55,0.0,0.38,0.8480000000000001,0.238,0.32999999999999996,0.186,0.022,0.0,0.22000000000000003,0.0,0.0,0.006,0.0,0.174
276,11.04,0.98,1,-0.027999999999999997,0.235,0.01,0.008,0.158,0.12,0.0,0.5660000000000001,0.0,0.382,0.844,0.248,0.33199999999999996,0.172,0.04,0.0,0.21600000000000003,0.0,0.0,0.022,0.0,0.172
277,11.08,0.98,1,-0.040999999999999995,0.23399999999999999,0.01,0.008,0.157,0.072,0.0,0.608,0.0,0.378,0.8539999999999999,0.258,0.322,0.156,0.052000000000000005,0.004,0.22799999999999998,0.0,0.0,0.036,0.0,0.182
278,11.12,0.98,1,-0.05,0.221,0.01,0.011000000000000001,0.159,0.044,0.0,0.63,0.0,0.366,0.82,0.258,0.31,0.134,0.046,0.01,0.22799999999999998,0.0,0.004,0.054000000000000006,0.0,0.192
279,11.16,0.98,1,-0.053,0.217,0.003,0.009000000000000001,0.158,0.018,0.0,0.6519999999999999,0.0,0.348,0.758,0.254,0.29,0.118,0.024,0.014000000000000002,0.22000000000000003,0.0,0.004,0.057999999999999996,0.0,0.192
280,11.2,0.98,1,-0.046,0.21899999999999997,-0.002,0.009000000000000001,0.158,0.01,0.0,0.6639999999999999,0.0,0.33199999999999996,0.718,0.248,0.264,0.098,0.012,0.01,0.20600000000000002,0.0,0.004,0.064,0.0,0.19
281,11.24,0.98,1,-0.062,0.22,-0.004,0.01,0.158,0.0,0.0,0.6839999999999999,0.0,0.32,0.71,0.246,0.25,0.088,0.01,0.004,0.188,0.0,0.0,0.074,0.004,0.194
282,11.28,0.98,1,-0.051,0.21100000000000002,-0.008,0.01,0.159,0.0,0.0,0.702,0.0,0.314,0.732,0.258,0.248,0.072,0.008,0.0,0.18,0.0,0.0,0.068,0.004,0.194
283,11.32,0.98,1,-0.057,0.223,-0.009000000000000001,0.013000000000000001,0.16,0.0,0.0,0.716,0.0,0.308,0.732,0.272,0.26,0.062,0.012,0.0,0.152,0.0,0.0,0.072,0.004,0.2
284,11.36,0.98,1,-0.063,0.221,-0.008,0.013000000000000001,0.16,0.002,0.0,0.714,0.0,0.306,0.74,0.27,0.274,0.054000000000000006,0.004,0.0,0.136,0.0,0.0,0.072,0.0,0.20400000000000001
285,11.4,0.98,1,-0.068,0.218,-0.009000000000000001,0.012,0.16,0.002,0.0,0.726,0.0,0.31,0.744,0.27,0.27,0.046,0.004,0.0,0.096,0.0,0.0,0.08,0.006,0.21000000000000002
286,11.44,0.98,1,-0.065,0.207,-0.013000000000000001,0.012,0.16,0.002,0.0,0.706,0.0,0.31,0.758,0.27799999999999997,0.256,0.038,0.008,0.0,0.062,0.0,0.0,0.076,0.006,0.21000000000000002
287,11.48,0.98,1,-0.065,0.205,-0.015,0.012,0.161,0.0,0.0,0.682,0.0,0.298,0.742,0.27999999999999997,0.22999999999999998,0.024,0.02,0.0,0.04,0.0,0.004,0.057999999999999996,0.006,0.22200000000000003
288,11.52,0.98,1,-0.06,0.19899999999999998,-0.024,0.013000000000000001,0.163,0.0,0.0,0.658,0.0,0.294,0.732,0.286,0.23399999999999999,0.022,0.046,0.0,0.046,0.002,0.004,0.074,0.0,0.23199999999999998
289,11.56,0.98,1,-0.055,0.203,-0.031,0.019,0.16699999999999998,0.0,0.0,0.642,0.0,0.288,0.75,0.288,0.22799999999999998,0.014000000000000002,0.064,0.0,0.072,0.01,0.004,0.08,0.004,0.246
290,11.6,0.98,1,-0.067,0.19,-0.039,0.026000000000000002,0.172,0.0,0.0,0.658,0.0,0.294,0.758,0.29,0.236,0.01,0.064,0.0,0.076,0.012,0.002,0.094,0.004,0.254
291,11.64,0.98,1,-0.057999999999999996,0.19,-0.04,0.024,0.172,0.0,0.0,0.65,0.0,0.296,0.762,0.294,0.236,0.004,0.062,0.0,0.09,0.01,0.002,0.088,0.01,0.268
292,11.68,0.98,1,-0.062,0.196,-0.036000000000000004,0.022000000000000002,0.171,0.0,0.0,0.6559999999999999,0.0,0.304,0.72,0.294,0.26,0.008,0.062,0.0,0.08199999999999999,0.002,0.008,0.092,0.014000000000000002,0.282
293,11.72,0.98,1,-0.055999999999999994,0.193,-0.035,0.015,0.17,0.0,0.0,0.634,0.0,0.312,0.712,0.3,0.272,0.012,0.08199999999999999,0.0,0.092,0.0,0.014000000000000002,0.086,0.028000000000000004,0.288
294,11.76,0.98,1,-0.06,0.187,-0.033,0.013999999999999999,0.171,0.0,0.0,0.624,0.0,0.316,0.704,0.292,0.268,0.008,0.09,0.0,0.098,0.016,0.02,0.06999999999999999,0.036,0.286
295,11.8,0.98,1,-0.05,0.187,-0.034,0.012,0.172,0.0,0.0,0.616,0.0,0.308,0.712,0.286,0.264,0.01,0.1,0.0,0.11599999999999999,0.016,0.02,0.062,0.026000000000000002,0.282
296,11.84,0.98,1,-0.044000000000000004,0.18600000000000003,-0.034,0.01,0.172,0.0,0.0,0.626,0.0,0.31,0.72,0.288,0.262,0.01,0.09,0.0,0.10200000000000001,0.02,0.026000000000000002,0.048,0.018,0.284
297,11.88,0.98,1,-0.049,0.18600000000000003,-0.031,0.009000000000000001,0.172,0.0,0.0,0.632,0.0,0.312,0.722,0.29,0.256,0.014000000000000002,0.08199999999999999,0.0,0.08399999999999999,0.016,0.03,0.044,0.018,0.288
298,11.92,0.98,1,-0.047,0.196,-0.031,0.006,0.16899999999999998,0.0,0.0,0.64,0.0,0.32,0.704,0.302,0.25,0.014000000000000002,0.062,0.0,0.072,0.034,0.038,0.03,0.03,0.288
299,11.96,0.98,1,-0.054000000000000006,0.18,-0.031,0.005,0.171,0.0,0.0,0.642,0.0,0.314,0.6719999999999999,0.3,0.248,0.014000000000000002,0.062,0.002,0.08,0.034,0.044,0.024,0.024,0.284
300,12.0,0.98,1,-0.054000000000000006,0.19,-0.028999999999999998,0.006,0.17,0.0,0.0,0.636,0.0,0.308,0.6679999999999999,0.306,0.252,0.016,0.062,0.002,0.098,0.044,0.054000000000000006,0.012,0.012,0.27
301,12.04,0.98,1,-0.055999999999999994,0.191,-0.028999999999999998,0.006,0.16899999999999998,0.0,0.0,0.638,0.0,0.304,0.702,0.304,0.242,0.018,0.074,0.002,0.12,0.034,0.06,0.01,0.012,0.262
302,12.08,0.98,1,-0.055,0.187,-0.03,0.006999999999999999,0.16699999999999998,0.0,0.0,0.61,0.0,0.308,0.708,0.304,0.24,0.018,0.078,0.0,0.148,0.05,0.062,0.024,0.014000000000000002,0.268
303,12.12,0.98,1,-0.049,0.19699999999999998,-0.027000000000000003,0.006999999999999999,0.166,0.0,0.0,0.61,0.0,0.3,0.674,0.27599999999999997,0.238,0.036,0.1,0.002,0.13,0.03,0.041999999999999996,0.032,0.018,0.376
304,12.16,0.98,1,-0.053,0.28800000000000003,-0.047,0.011000000000000001,0.163,0.0,0.0,0.596,0.0,0.294,0.6,0.238,0.248,0.054000000000000006,0.09,0.002,0.10600000000000001,0.05,0.022,0.048,0.01,0.496
305,12.2,0.98,1,-0.071,0.28600000000000003,-0.05,0.015,0.163,0.0,0.0,0.634,0.0,0.27599999999999997,0.54,0.22200000000000003,0.246,0.057999999999999996,0.088,0.002,0.10400000000000001,0.04,0.0,0.054000000000000006,0.038,0.5740000000000001
306,12.24,0.98,1,-0.07200000000000001,0.282,-0.047,0.008,0.163,0.0,0.0,0.6799999999999999,0.0,0.272,0.546,0.23199999999999998,0.242,0.036,0.066,0.002,0.124,0.036,0.0,0.052000000000000005,0.066,0.504
307,12.28,0.98,1,-0.064,0.228,-0.035,0.008,0.165,0.002,0.0,0.72,0.0,0.272,0.5860000000000001,0.25,0.24,0.02,0.074,0.002,0.146,0.01,0.006,0.038,0.062,0.396
308,12.32,0.98,1,-0.051,0.212,-0.031,0.008,0.16899999999999998,0.008,0.0,0.744,0.0,0.282,0.648,0.252,0.24,0.018,0.08199999999999999,0.002,0.122,0.0,0.022,0.024,0.05600000000000001,0.294
309,12.36,0.98,1,-0.047,0.21,-0.027000000000000003,0.01,0.174,0.026000000000000002,0.0,0.714,0.0,0.27599999999999997,0.6519999999999999,0.20800000000000002,0.22599999999999998,0.034,0.08199999999999999,0.0,0.134,0.012,0.022,0.016,0.026000000000000002,0.21000000000000002
310,12.4,0.98,1,-0.039,0.21,-0.024,0.016,0.175,0.096,0.0,0.646,0.0,0.258,0.606,0.154,0.20400000000000001,0.054000000000000006,0.092,0.0,0.11200000000000002,0.038,0.014000000000000002,0.008,0.032,0.118
311,12.44,0.98,1,-0.051,0.20800000000000002,-0.032,0.018000000000000002,0.17300000000000001,0.238,0.066,0.438,0.062,0.21400000000000002,0.45999999999999996,0.072,0.158,0.096,0.12,0.0,0.096,0.08199999999999999,0.0,0.018,0.01,0.048
312,12.48,0.98,1,-0.022000000000000002,0.225,-0.042,0.017,0.171,0.398,0.158,0.24,0.132,0.16599999999999998,0.324,0.032,0.146,0.126,0.162,0.0,0.076,0.11599999999999999,0.0,0.038,0.036,0.004
313,12.52,0.98,1,-0.017,0.259,-0.05,0.015,0.166,0.47800000000000004,0.22999999999999998,0.068,0.20400000000000001,0.126,0.19,0.0,0.146,0.154,0.186,0.0,0.086,0.144,0.0,0.068,0.057999999999999996,0.0
314,12.56,0.98,1,-0.027999999999999997,0.275,-0.049,0.012,0.159,0.46399999999999997,0.236,0.026000000000000002,0.248,0.11200000000000002,0.156,0.0,0.16999999999999998,0.162,0.186,0.002,0.096,0.146,0.0,0.08399999999999999,0.118,0.0
315,12.6,0.98,1,-0.02,0.28300000000000003,-0.045,0.01,0.151,0.42000000000000004,0.20800000000000002,0.0,0.304,0.118,0.136,0.0,0.16999999999999998,0.18,0.176,0.002,0.10600000000000001,0.15,0.0,0.10400000000000001,0.162,0.0
316,12.64,0.98,1,-0.012,0.281,-0.038,0.009000000000000001,0.14400000000000002,0.4,0.196,0.0,0.354,0.124,0.16,0.0,0.174,0.2,0.184,0.002,0.094,0.13999999999999999,0.0,0.118,0.194,0.0
317,12.68,0.98,1,-0.013000000000000001,0.281,-0.043,0.008,0.139,0.398,0.18,0.0,0.366,0.134,0.182,0.0,0.18,0.22400000000000003,0.192,0.0,0.08199999999999999,0.13999999999999999,0.0,0.124,0.182,0.0
318,12.72,0.98,1,-0.035,0.293,-0.031,0.013999999999999999,0.136,0.404,0.16999999999999998,0.0,0.36,0.13799999999999998,0.21000000000000002,0.0,0.202,0.242,0.21400000000000002,0.0,0.064,0.134,0.0,0.118,0.15,0.0
319,12.76,0.98,1,-0.027999999999999997,0.293,-0.034,0.016,0.135,0.41600000000000004,0.174,0.0,0.358,0.142,0.198,0.0,0.20800000000000002,0.256,0.194,0.0,0.046,0.136,0.0,0.11399999999999999,0.132,0.0
320,12.8,0.98,1,-0.035,0.294,-0.035,0.015,0.136,0.426,0.18,0.0,0.35,0.144,0.202,0.0,0.20600000000000002,0.268,0.186,0.0,0.062,0.142,0.0,0.11599999999999999,0.11200000000000002,0.0
321,12.84,0.98,1,-0.033,0.289,-0.040999999999999995,0.013999999999999999,0.13699999999999998,0.42400000000000004,0.192,0.0,0.352,0.136,0.196,0.0,0.186,0.27,0.18,0.0,0.06999999999999999,0.136,0.0,0.122,0.118,0.0
322,12.88,0.98,1,-0.032,0.28800000000000003,-0.040999999999999995,0.019,0.138,0.414,0.162,0.0,0.33399999999999996,0.132,0.20400000000000001,0.0,0.162,0.268,0.198,0.0,0.09,0.13799999999999998,0.0,0.128,0.11399999999999999,0.0
323,12.92,0.98,1,-0.031,0.29100000000000004,-0.046,0.021,0.141,0.41600000000000004,0.146,0.0,0.31,0.124,0.162,0.0,0.142,0.266,0.20600000000000002,0.0,0.08199999999999999,0.13799999999999998,0.0,0.11399999999999999,0.11599999999999999,0.0
324,12.96,0.98,1,-0.031,0.295,-0.052000000000000005,0.023,0.14,0.41200000000000003,0.13,0.0,0.292,0.122,0.13799999999999998,0.0,0.13,0.262,0.196,0.0,0.068,0.144,0.0,0.08399999999999999,0.118,0.0
325,13.0,0.98,1,-0.034,0.292,-0.057999999999999996,0.027000000000000003,0.139,0.41,0.126,0.0,0.284,0.11599999999999999,0.13,0.0,0.126,0.26,0.192,0.0,0.046,0.122,0.0,0.066,0.126,0.0
326,13.04,0.98,1,-0.037000000000000005,0.295,-0.063,0.03,0.13699999999999998,0.40199999999999997,0.09,0.0,0.27599999999999997,0.11200000000000002,0.124,0.0,0.122,0.26,0.19,0.0,0.02,0.1,0.0,0.066,0.126,0.0
327,13.08,0.98,1,-0.043,0.293,-0.071,0.035,0.134,0.404,0.06,0.0,0.262,0.11599999999999999,0.11200000000000002,0.0,0.12,0.262,0.176,0.0,0.002,0.072,0.0,0.086,0.118,0.0
328,13.12,0.98,1,-0.040999999999999995,0.297,-0.07400000000000001,0.035,0.132,0.42000000000000004,0.064,0.0,0.27,0.118,0.124,0.0,0.11000000000000001,0.264,0.174,0.0,0.014000000000000002,0.078,0.0,0.068,0.10600000000000001,0.0
329,13.16,0.98,1,-0.042,0.3,-0.07,0.035,0.133,0.434,0.074,0.0,0.27799999999999997,0.12,0.142,0.0,0.1,0.262,0.152,0.0,0.02,0.088,0.0,0.046,0.124,0.0
330,13.2,0.98,1,-0.033,0.301,-0.065,0.035,0.133,0.43,0.06999999999999999,0.0,0.29,0.126,0.132,0.0,0.11399999999999999,0.268,0.172,0.0,0.05600000000000001,0.12,0.0,0.044,0.13799999999999998,0.0
331,13.24,0.98,1,-0.027999999999999997,0.305,-0.055,0.038,0.131,0.40800000000000003,0.06,0.0,0.298,0.134,0.096,0.0,0.11599999999999999,0.274,0.176,0.0,0.08399999999999999,0.124,0.0,0.068,0.16799999999999998,0.0
332,13.28,0.98,1,-0.026000000000000002,0.3,-0.049,0.037000000000000005,0.131,0.386,0.08,0.0,0.33199999999999996,0.144,0.08199999999999999,0.0,0.132,0.286,0.202,0.0,0.094,0.11599999999999999,0.0,0.1,0.186,0.0
333,13.32,0.98,1,-0.033,0.302,-0.05,0.036000000000000004,0.129,0.386,0.096,0.0,0.33999999999999997,0.148,0.096,0.0,0.11000000000000001,0.29,0.198,0.0,0.092,0.10800000000000001,0.0,0.118,0.19,0.0
334,13.36,0.98,1,-0.023,0.299,-0.049,0.034,0.126,0.392,0.10600000000000001,0.0,0.324,0.152,0.124,0.0,0.10400000000000001,0.298,0.202,0.0,0.08199999999999999,0.10200000000000001,0.0,0.122,0.194,0.0
335,13.4,0.98,1,-0.026000000000000002,0.3,-0.05,0.034,0.122,0.398,0.098,0.0,0.296,0.15,0.144,0.0,0.09,0.302,0.22799999999999998,0.0,0.098,0.10400000000000001,0.0,0.136,0.19,0.0
336,13.44,0.98,1,-0.024,0.301,-0.052000000000000005,0.033,0.11699999999999999,0.40800000000000003,0.10200000000000001,0.0,0.248,0.152,0.15,0.0,0.10200000000000001,0.312,0.244,0.0,0.064,0.11200000000000002,0.0,0.144,0.18,0.0
337,13.48,0.98,1,-0.028999999999999998,0.31,-0.055,0.035,0.11,0.398,0.074,0.0,0.21600000000000003,0.148,0.13,0.0,0.098,0.312,0.242,0.0,0.034,0.124,0.0,0.13999999999999999,0.162,0.0
338,13.52,0.98,1,-0.027999999999999997,0.31,-0.059000000000000004,0.040999999999999995,0.10300000000000001,0.40599999999999997,0.06,0.0,0.16999999999999998,0.136,0.126,0.0,0.08199999999999999,0.304,0.23399999999999999,0.0,0.008,0.134,0.0,0.144,0.13999999999999999,0.0
339,13.56,0.98,1,-0.031,0.31,-0.063,0.047,0.099,0.394,0.048,0.0,0.16,0.134,0.11200000000000002,0.0,0.06,0.29,0.236,0.0,0.024,0.146,0.0,0.146,0.162,0.004
340,13.6,0.98,1,-0.025,0.314,-0.052000000000000005,0.054000000000000006,0.09300000000000001,0.40199999999999997,0.041999999999999996,0.0,0.124,0.134,0.124,0.0,0.057999999999999996,0.284,0.258,0.0,0.054000000000000006,0.156,0.0,0.176,0.188,0.014000000000000002
341,13.64,0.98,1,-0.018000000000000002,0.312,-0.048,0.057,0.08800000000000001,0.39,0.026000000000000002,0.0,0.10200000000000001,0.15,0.134,0.0,0.054000000000000006,0.294,0.246,0.0,0.076,0.162,0.0,0.182,0.21400000000000002,0.018
342,13.68,0.98,1,-0.026000000000000002,0.31,-0.045,0.057999999999999996,0.091,0.392,0.022,0.0,0.074,0.16,0.158,0.0,0.052000000000000005,0.304,0.244,0.0,0.08,0.16,0.0,0.21200000000000002,0.21400000000000002,0.02
343,13.72,0.98,1,-0.024,0.309,-0.040999999999999995,0.057999999999999996,0.095,0.388,0.022,0.0,0.062,0.174,0.16999999999999998,0.0,0.05,0.318,0.22799999999999998,0.0,0.076,0.162,0.0,0.21800000000000003,0.21200000000000002,0.016
344,13.76,0.98,1,-0.009000000000000001,0.309,-0.037000000000000005,0.057999999999999996,0.098,0.38,0.026000000000000002,0.0,0.04,0.178,0.172,0.0,0.054000000000000006,0.322,0.23199999999999998,0.0,0.10200000000000001,0.174,0.0,0.23199999999999998,0.21200000000000002,0.024
345,13.8,0.98,1,-0.008,0.3,-0.04,0.057,0.1,0.366,0.016,0.0,0.02,0.178,0.186,0.0,0.05,0.32799999999999996,0.22799999999999998,0.0,0.128,0.16799999999999998,0.0,0.20800000000000002,0.20600000000000002,0.024
346,13.84,0.98,1,-0.01,0.299,-0.040999999999999995,0.055999999999999994,0.10400000000000001,0.348,0.016,0.0,0.016,0.192,0.21400000000000002,0.0,0.05600000000000001,0.34199999999999997,0.238,0.0,0.15,0.184,0.0,0.196,0.18,0.03
347,13.88,0.98,1,-0.004,0.29600000000000004,-0.032,0.059000000000000004,0.113,0.32799999999999996,0.024,0.0,0.03,0.202,0.242,0.0,0.04,0.36,0.244,0.0,0.124,0.16599999999999998,0.002,0.184,0.16399999999999998,0.028000000000000004
348,13.92,0.98,1,-0.001,0.298,-0.026000000000000002,0.057999999999999996,0.11699999999999999,0.306,0.022,0.0,0.03,0.21800000000000003,0.248,0.0,0.034,0.374,0.246,0.0,0.10600000000000001,0.16399999999999998,0.002,0.196,0.152,0.03
349,13.96,0.98,1,0.002,0.295,-0.03,0.06,0.122,0.298,0.038,0.0,0.02,0.22000000000000003,0.258,0.0,0.03,0.376,0.24,0.0,0.09,0.152,0.002,0.20600000000000002,0.16799999999999998,0.026000000000000002
350,14.0,0.98,1,-0.002,0.295,-0.032,0.061,0.125,0.286,0.026000000000000002,0.0,0.0,0.22999999999999998,0.252,0.0,0.048,0.384,0.23399999999999999,0.0,0.074,0.142,0.0,0.2,0.16799999999999998,0.024
351,14.04,0.98,1,-0.006,0.285,-0.033,0.06,0.129,0.254,0.032,0.0,0.0,0.272,0.302,0.0,0.086,0.394,0.24,0.0,0.094,0.136,0.0,0.182,0.16999999999999998,0.154
352,14.08,0.98,1,-0.06,0.293,-0.031,0.053,0.152,0.21800000000000003,0.024,0.0,0.0,0.32,0.32599999999999996,0.0,0.132,0.434,0.272,0.0,0.11000000000000001,0.094,0.0,0.20800000000000002,0.16999999999999998,0.366
353,14.12,0.98,1,-0.115,0.36,-0.025,0.055,0.163,0.186,0.02,0.0,0.0,0.366,0.372,0.0,0.198,0.476,0.316,0.0,0.15,0.08399999999999999,0.0,0.236,0.174,0.606
354,14.16,0.98,1,-0.091,0.39,0.001,0.053,0.16399999999999998,0.178,0.006,0.004,0.0,0.376,0.364,0.0,0.23399999999999999,0.518,0.362,0.0,0.15,0.08399999999999999,0.0,0.26,0.176,0.736
355,14.2,0.98,1,-0.069,0.4,0.031,0.055,0.156,0.158,0.0,0.004,0.0,0.378,0.352,0.0,0.236,0.534,0.4,0.0,0.13,0.11000000000000001,0.0,0.274,0.128,0.78
356,14.24,0.98,1,-0.064,0.41200000000000003,0.079,0.06,0.139,0.10200000000000001,0.0,0.004,0.0,0.388,0.348,0.0,0.21000000000000002,0.512,0.426,0.018,0.092,0.174,0.062,0.242,0.06999999999999999,0.738
357,14.28,0.98,1,-0.031,0.368,0.013000000000000001,0.013999999999999999,0.1,0.044,0.0,0.0,0.0,0.41200000000000003,0.42400000000000004,0.0,0.20800000000000002,0.512,0.47800000000000004,0.068,0.044,0.20600000000000002,0.136,0.248,0.012,0.588
358,14.32,0.98,1,-0.011000000000000001,0.326,0.011000000000000001,0.013000000000000001,0.086,0.0,0.0,0.0,0.0,0.44400000000000006,0.51,0.0,0.22999999999999998,0.524,0.48200000000000004,0.11399999999999999,0.014000000000000002,0.20800000000000002,0.172,0.244,0.0,0.4
359,14.36,0.98,1,-0.021,0.298,0.059000000000000004,0.024,0.079,0.0,0.0,0.0,0.0,0.46799999999999997,0.5780000000000001,0.0,0.258,0.5700000000000001,0.45,0.096,0.0,0.162,0.11000000000000001,0.34199999999999997,0.0,0.24
360,14.4,0.98,1,-0.021,0.308,0.107,0.03,0.073,0.0,0.0,0.0,0.0,0.47000000000000003,0.5519999999999999,0.0,0.252,0.5980000000000001,0.38,0.076,0.0,0.10600000000000001,0.036,0.43,0.036,0.148
361,14.44,0.98,1,-0.027000000000000003,0.29600000000000004,0.10300000000000001,0.033,0.069,0.0,0.0,0.0,0.0,0.45199999999999996,0.52,0.0,0.23199999999999998,0.606,0.32999999999999996,0.048,0.0,0.072,0.0,0.492,0.074,0.088
362,14.48,0.98,1,-0.02,0.282,0.096,0.035,0.063,0.0,0.0,0.0,0.0,0.43600000000000005,0.49800000000000005,0.0,0.22000000000000003,0.612,0.3,0.046,0.0,0.034,0.0,0.522,0.122,0.054000000000000006
363,14.52,0.98,1,-0.023,0.28600000000000003,0.10300000000000001,0.038,0.059000000000000004,0.0,0.0,0.0,0.0,0.426,0.48,0.0,0.21800000000000003,0.612,0.27999999999999997,0.018,0.0,0.032,0.0,0.54,0.122,0.046
364,14.56,0.98,1,-0.021,0.289,0.113,0.04,0.057,0.0,0.0,0.0,0.0,0.434,0.466,0.0,0.21600000000000003,0.614,0.27999999999999997,0.004,0.0,0.038,0.0,0.55,0.10600000000000001,0.048
365,14.6,0.98,1,-0.019,0.292,0.121,0.040999999999999995,0.057999999999999996,0.0,0.0,0.0,0.0,0.44000000000000006,0.462,0.0,0.202,0.614,0.288,0.004,0.0,0.05,0.0,0.55,0.078,0.044
366,14.64,0.98,1,-0.019,0.299,0.139,0.047,0.055999999999999994,0.0,0.0,0.0,0.0,0.44400000000000006,0.434,0.0,0.192,0.62,0.302,0.062,0.0,0.05600000000000001,0.0,0.5519999999999999,0.066,0.026000000000000002
367,14.68,0.98,1,-0.018000000000000002,0.307,0.157,0.05,0.053,0.0,0.0,0.0,0.0,0.438,0.40599999999999997,0.0,0.178,0.618,0.316,0.092,0.0,0.04,0.0,0.5559999999999999,0.09,0.01
368,14.72,0.98,1,-0.016,0.301,0.159,0.051,0.051,0.0,0.0,0.0,0.0,0.43600000000000005,0.356,0.0,0.186,0.62,0.322,0.13799999999999998,0.0,0.022,0.0,0.548,0.10600000000000001,0.0
369,14.76,0.98,1,-0.013999999999999999,0.302,0.162,0.051,0.046,0.0,0.0,0.0,0.0,0.43,0.348,0.0,0.186,0.61,0.32599999999999996,0.13,0.0,0.0,0.0,0.528,0.11200000000000002,0.0
370,14.8,0.98,1,-0.015,0.298,0.161,0.05,0.044000000000000004,0.0,0.0,0.0,0.0,0.42800000000000005,0.352,0.0,0.196,0.618,0.32,0.144,0.0,0.0,0.0,0.512,0.10400000000000001,0.0
371,14.84,0.98,1,-0.011000000000000001,0.3,0.163,0.051,0.040999999999999995,0.0,0.0,0.0,0.0,0.426,0.366,0.0,0.20600000000000002,0.62,0.324,0.132,0.0,0.0,0.0,0.508,0.10400000000000001,0.0
372,14.88,0.98,1,-0.012,0.294,0.159,0.049,0.040999999999999995,0.0,0.0,0.0,0.0,0.434,0.372,0.0,0.22400000000000003,0.634,0.318,0.132,0.0,0.0,0.0,0.518,0.10600000000000001,0.0
373,14.92,0.98,1,-0.008,0.295,0.154,0.05,0.04,0.0,0.0,0.0,0.0,0.442,0.384,0.0,0.22599999999999998,0.64,0.316,0.134,0.0,0.0,0.0,0.532,0.09,0.0
374,14.96,0.98,1,-0.008,0.29100000000000004,0.153,0.05,0.040999999999999995,0.0,0.0,0.0,0.0,0.442,0.372,0.0,0.22200000000000003,0.642,0.312,0.162,0.0,0.0,0.0,0.528,0.092,0.0
375,15.0,0.98,1,-0.011000000000000001,0.29600000000000004,0.15,0.05,0.042,0.0,0.0,0.0,0.0,0.442,0.348,0.0,0.21200000000000002,0.64,0.306,0.152,0.0,0.0,0.0,0.506,0.10200000000000001,0.0
376,15.04,0.98,1,-0.012,0.3,0.152,0.049,0.047,0.0,0.0,0.0,0.0,0.442,0.324,0.0,0.21400000000000002,0.634,0.306,0.13,0.0,0.0,0.0,0.492,0.132,0.0
377,15.08,0.98,1,-0.017,0.294,0.149,0.047,0.051,0.0,0.0,0.0,0.0,0.44400000000000006,0.308,0.0,0.21600000000000003,0.63,0.314,0.11000000000000001,0.0,0.0,0.0,0.496,0.10600000000000001,0.0
378,15.12,0.98,1,-0.015,0.293,0.147,0.048,0.053,0.0,0.0,0.0,0.0,0.438,0.322,0.0,0.21000000000000002,0.626,0.324,0.094,0.0,0.0,0.0,0.502,0.10200000000000001,0.0
379,15.16,0.98,1,-0.021,0.29,0.145,0.048,0.055999999999999994,0.0,0.0,0.0,0.0,0.44000000000000006,0.32799999999999996,0.0,0.20400000000000001,0.624,0.322,0.094,0.0,0.0,0.0,0.49400000000000005,0.08399999999999999,0.0
380,15.2,0.98,1,-0.024,0.28600000000000003,0.14,0.051,0.057999999999999996,0.0,0.0,0.0,0.0,0.44800000000000006,0.37,0.0,0.192,0.622,0.314,0.076,0.0,0.0,0.0,0.48200000000000004,0.118,0.0
381,15.24,0.98,1,-0.024,0.289,0.13699999999999998,0.047,0.065,0.0,0.0,0.0,0.0,0.454,0.38,0.0,0.20400000000000001,0.62,0.314,0.09,0.0,0.0,0.0,0.47800000000000004,0.124,0.0
382,15.28,0.98,1,-0.032,0.287,0.13699999999999998,0.05,0.068,0.0,0.0,0.0,0.0,0.45,0.384,0.0,0.22000000000000003,0.616,0.322,0.11200000000000002,0.0,0.0,0.0,0.488,0.122,0.0
383,15.32,0.98,1,-0.036000000000000004,0.281,0.132,0.051,0.07,0.0,0.0,0.0,0.0,0.45199999999999996,0.384,0.0,0.238,0.614,0.33799999999999997,0.148,0.0,0.002,0.0,0.488,0.098,0.0
384,15.36,0.98,1,-0.038,0.282,0.131,0.052000000000000005,0.07400000000000001,0.0,0.0,0.0,0.0,0.45599999999999996,0.446,0.002,0.244,0.616,0.33799999999999997,0.148,0.0,0.002,0.0,0.492,0.076,0.004
385,15.4,0.98,1,-0.032,0.29600000000000004,0.132,0.052000000000000005,0.077,0.0,0.0,0.0,0.0,0.472,0.48,0.002,0.258,0.628,0.392,0.18,0.0,0.002,0.0,0.484,0.118,0.244
386,15.44,0.98,1,-0.043,0.449,0.132,0.051,0.084,0.0,0.0,0.0,0.0,0.48200000000000004,0.538,0.002,0.272,0.632,0.398,0.154,0.0,0.0,0.0,0.496,0.154,0.44000000000000006
387,15.48,0.98,1,-0.053,0.41600000000000004,0.11699999999999999,0.048,0.098,0.0,0.0,0.0,0.0,0.484,0.5519999999999999,0.0,0.296,0.622,0.42800000000000005,0.148,0.0,0.024,0.002,0.48200000000000004,0.16,0.542
388,15.52,0.98,1,-0.042,0.344,0.102,0.051,0.11599999999999999,0.0,0.0,0.0,0.0,0.472,0.608,0.0,0.3,0.606,0.4,0.08199999999999999,0.0,0.044,0.002,0.492,0.13799999999999998,0.368
389,15.56,0.98,1,-0.055999999999999994,0.314,0.106,0.064,0.135,0.0,0.0,0.0,0.0,0.462,0.6,0.0,0.31,0.608,0.404,0.064,0.0,0.044,0.002,0.496,0.11599999999999999,0.22200000000000003
390,15.6,0.98,1,-0.07200000000000001,0.292,0.09699999999999999,0.071,0.162,0.0,0.0,0.0,0.0,0.45,0.568,0.0,0.312,0.62,0.35,0.052000000000000005,0.002,0.022,0.0,0.53,0.10400000000000001,0.136
391,15.64,0.98,1,-0.08900000000000001,0.263,0.07400000000000001,0.08,0.212,0.0,0.0,0.0,0.0,0.44400000000000006,0.526,0.0,0.314,0.628,0.296,0.041999999999999996,0.014000000000000002,0.0,0.004,0.5559999999999999,0.057999999999999996,0.088
392,15.68,0.98,1,-0.09,0.252,0.059000000000000004,0.076,0.242,0.0,0.0,0.0,0.0,0.43600000000000005,0.506,0.0,0.316,0.624,0.258,0.028000000000000004,0.014000000000000002,0.0,0.022,0.5700000000000001,0.054000000000000006,0.046
393,15.72,0.98,1,-0.09300000000000001,0.23800000000000002,0.046,0.07200000000000001,0.268,0.0,0.0,0.0,0.0,0.438,0.524,0.0,0.308,0.618,0.262,0.006,0.052000000000000005,0.0,0.048,0.564,0.06,0.036
394,15.76,0.98,1,-0.095,0.23199999999999998,0.04,0.064,0.28800000000000003,0.0,0.0,0.0,0.0,0.44400000000000006,0.536,0.0,0.322,0.614,0.268,0.002,0.066,0.0,0.076,0.554,0.062,0.032
395,15.8,0.98,1,-0.094,0.23,0.037000000000000005,0.057,0.301,0.0,0.0,0.0,0.0,0.44800000000000006,0.564,0.0,0.32999999999999996,0.616,0.282,0.002,0.10400000000000001,0.0,0.09,0.546,0.046,0.024
396,15.84,0.98,1,-0.094,0.22899999999999998,0.045,0.048,0.306,0.0,0.0,0.0,0.0,0.45199999999999996,0.564,0.0,0.33199999999999996,0.622,0.294,0.002,0.10200000000000001,0.0,0.08399999999999999,0.536,0.03,0.014000000000000002
397,15.88,0.98,1,-0.09,0.231,0.042,0.045,0.306,0.0,0.0,0.0,0.0,0.44800000000000006,0.568,0.0,0.32599999999999996,0.62,0.302,0.0,0.118,0.0,0.088,0.524,0.057999999999999996,0.0
398,15.92,0.98,1,-0.091,0.228,0.038,0.044000000000000004,0.304,0.0,0.0,0.0,0.0,0.44400000000000006,0.5559999999999999,0.0,0.322,0.62,0.284,0.0,0.124,0.0,0.08399999999999999,0.53,0.05,0.0
399,15.96,0.98,1,-0.08900000000000001,0.226,0.031,0.049,0.302,0.0,0.0,0.0,0.0,0.43600000000000005,0.562,0.0,0.32999999999999996,0.606,0.268,0.0,0.118,0.0,0.086,0.538,0.05,0.0
400,16.0,0.98,1,-0.086,0.225,0.025,0.052000000000000005,0.303,0.0,0.0,0.0,0.0,0.426,0.5820000000000001,0.0,0.33199999999999996,0.5860000000000001,0.236,0.0,0.098,0.0,0.072,0.548,0.022,0.0
401,16.04,0.98,1,-0.087,0.221,0.016,0.057999999999999996,0.306,0.0,0.0,0.0,0.0,0.418,0.5980000000000001,0.0,0.324,0.564,0.22400000000000003,0.0,0.08,0.0,0.06999999999999999,0.524,0.014000000000000002,0.0
402,16.08,0.98,1,-0.08800000000000001,0.218,0.011000000000000001,0.055999999999999994,0.31,0.0,0.0,0.0,0.0,0.41,0.602,0.0,0.31,0.548,0.20800000000000002,0.0,0.072,0.0,0.064,0.518,0.008,0.002
403,16.12,0.98,1,-0.087,0.215,0.008,0.055,0.314,0.0,0.0,0.0,0.0,0.414,0.604,0.0,0.314,0.54,0.21200000000000002,0.0,0.076,0.0,0.06,0.52,0.0,0.002
404,16.16,0.98,1,-0.08900000000000001,0.21100000000000002,0.005,0.054000000000000006,0.318,0.0,0.0,0.0,0.0,0.41200000000000003,0.612,0.0,0.316,0.532,0.22200000000000003,0.0,0.086,0.0,0.05,0.54,0.0,0.002
405,16.2,0.98,1,-0.086,0.21100000000000002,0.003,0.053,0.324,0.0,0.0,0.0,0.0,0.4,0.614,0.0,0.32799999999999996,0.508,0.22799999999999998,0.0,0.10200000000000001,0.0,0.046,0.538,0.0,0.0
406,16.24,0.98,1,-0.09,0.20800000000000002,0.001,0.053,0.33299999999999996,0.0,0.0,0.0,0.0,0.382,0.5940000000000001,0.0,0.32799999999999996,0.488,0.23199999999999998,0.0,0.10800000000000001,0.0,0.04,0.528,0.0,0.004
407,16.28,0.98,1,-0.092,0.20600000000000002,0.002,0.055999999999999994,0.33799999999999997,0.0,0.0,0.0,0.0,0.36,0.562,0.0,0.298,0.45,0.22599999999999998,0.0,0.086,0.0,0.028000000000000004,0.502,0.0,0.004
408,16.32,0.98,1,-0.09300000000000001,0.205,-0.0,0.055,0.341,0.0,0.0,0.0,0.0,0.344,0.546,0.0,0.268,0.43600000000000005,0.238,0.0,0.078,0.0,0.028000000000000004,0.512,0.006,0.004
409,16.36,0.98,1,-0.094,0.205,-0.001,0.054000000000000006,0.342,0.0,0.0,0.0,0.0,0.33199999999999996,0.554,0.0,0.24,0.42800000000000005,0.24,0.0,0.072,0.0,0.024,0.526,0.024,0.0
410,16.4,0.98,1,-0.096,0.205,0.001,0.054000000000000006,0.34299999999999997,0.0,0.0,0.0,0.0,0.32999999999999996,0.5660000000000001,0.0,0.244,0.446,0.23199999999999998,0.0,0.08199999999999999,0.0,0.036,0.536,0.024,0.0
411,16.44,0.98,1,-0.095,0.207,0.001,0.051,0.344,0.0,0.0,0.0,0.0,0.33199999999999996,0.564,0.0,0.252,0.462,0.21200000000000002,0.0,0.06999999999999999,0.0,0.038,0.526,0.028000000000000004,0.0
412,16.48,0.98,1,-0.09699999999999999,0.207,0.004,0.05,0.344,0.0,0.0,0.0,0.0,0.33599999999999997,0.5519999999999999,0.0,0.256,0.472,0.21200000000000002,0.0,0.092,0.0,0.046,0.518,0.024,0.0
413,16.52,0.98,1,-0.09300000000000001,0.209,0.004,0.048,0.34299999999999997,0.0,0.0,0.0,0.0,0.33999999999999997,0.544,0.0,0.26,0.47800000000000004,0.22000000000000003,0.0,0.088,0.0,0.046,0.514,0.024,0.0
414,16.56,0.98,1,-0.094,0.207,0.004,0.048,0.342,0.0,0.0,0.0,0.0,0.344,0.544,0.0,0.258,0.48200000000000004,0.238,0.0,0.11399999999999999,0.0,0.052000000000000005,0.5,0.014000000000000002,0.0
415,16.6,0.98,1,-0.09699999999999999,0.205,0.005,0.047,0.341,0.0,0.0,0.0,0.0,0.352,0.544,0.0,0.254,0.488,0.23399999999999999,0.0,0.10200000000000001,0.0,0.057999999999999996,0.484,0.0,0.0
416,16.64,0.98,1,-0.094,0.207,0.005,0.045,0.341,0.0,0.0,0.0,0.0,0.36,0.53,0.0,0.25,0.502,0.236,0.0,0.11599999999999999,0.0,0.072,0.48600000000000004,0.0,0.0
417,16.68,0.98,1,-0.094,0.20800000000000002,0.006999999999999999,0.045,0.34299999999999997,0.0,0.0,0.0,0.0,0.37,0.506,0.0,0.23199999999999998,0.512,0.22599999999999998,0.0,0.10600000000000001,0.0,0.074,0.488,0.0,0.0
418,16.72,0.98,1,-0.09300000000000001,0.21,0.008,0.043,0.34600000000000003,0.0,0.0,0.0,0.0,0.376,0.492,0.0,0.22799999999999998,0.522,0.22200000000000003,0.0,0.10200000000000001,0.0,0.078,0.5,0.0,0.0
419,16.76,0.98,1,-0.095,0.214,0.01,0.043,0.34700000000000003,0.0,0.0,0.0,0.0,0.38,0.49800000000000005,0.0,0.23399999999999999,0.522,0.22000000000000003,0.0,0.11000000000000001,0.0,0.08,0.502,0.0,0.0
420,16.8,0.98,1,-0.09300000000000001,0.212,0.009000000000000001,0.040999999999999995,0.34700000000000003,0.0,0.0,0.0,0.0,0.384,0.524,0.0,0.254,0.524,0.22000000000000003,0.0,0.11399999999999999,0.0,0.088,0.502,0.004,0.0
421,16.84,0.98,1,-0.08900000000000001,0.214,0.01,0.043,0.34700000000000003,0.0,0.0,0.0,0.0,0.386,0.524,0.0,0.268,0.528,0.23199999999999998,0.0,0.126,0.0,0.094,0.5,0.014000000000000002,0.0
422,16.88,0.98,1,-0.091,0.21600000000000003,0.01,0.042,0.349,0.0,0.0,0.0,0.0,0.386,0.532,0.0,0.27999999999999997,0.536,0.238,0.0,0.10600000000000001,0.0,0.08399999999999999,0.492,0.038,0.0
423,16.92,0.98,1,-0.092,0.21600000000000003,0.012,0.043,0.35200000000000004,0.0,0.0,0.0,0.0,0.382,0.55,0.0,0.286,0.54,0.242,0.0,0.088,0.0,0.06999999999999999,0.48600000000000004,0.04,0.0
424,16.96,0.98,1,-0.094,0.218,0.013000000000000001,0.044000000000000004,0.354,0.0,0.0,0.0,0.0,0.38,0.5820000000000001,0.0,0.286,0.538,0.252,0.0,0.064,0.0,0.052000000000000005,0.466,0.032,0.0
425,17.0,0.98,1,-0.09300000000000001,0.218,0.016,0.043,0.354,0.0,0.0,0.0,0.0,0.388,0.5820000000000001,0.0,0.294,0.54,0.26,0.0,0.057999999999999996,0.0,0.046,0.458,0.01,0.0
426,17.04,0.98,1,-0.096,0.221,0.021,0.046,0.358,0.0,0.0,0.0,0.0,0.398,0.584,0.0,0.3,0.542,0.274,0.0,0.054000000000000006,0.0,0.044,0.44000000000000006,0.004,0.002
427,17.08,0.98,1,-0.096,0.22399999999999998,0.023,0.048,0.358,0.0,0.0,0.002,0.0,0.422,0.646,0.0,0.32,0.554,0.282,0.0,0.057999999999999996,0.0,0.036,0.442,0.002,0.054000000000000006
428,17.12,0.98,1,-0.11900000000000001,0.24600000000000002,0.027000000000000003,0.049,0.358,0.0,0.0,0.026000000000000002,0.0,0.43,0.6599999999999999,0.0,0.308,0.5700000000000001,0.308,0.0,0.066,0.0,0.02,0.43200000000000005,0.014000000000000002,0.296
429,17.16,0.98,1,-0.11199999999999999,0.34600000000000003,0.04,0.054000000000000006,0.35100000000000003,0.0,0.0,0.052000000000000005,0.0,0.42400000000000004,0.616,0.0,0.302,0.568,0.324,0.0,0.098,0.0,0.008,0.40800000000000003,0.014000000000000002,0.564
430,17.2,0.98,1,-0.11,0.38,0.048,0.054000000000000006,0.349,0.0,0.0,0.06,0.0,0.41200000000000003,0.542,0.0,0.27,0.564,0.33599999999999997,0.0,0.10400000000000001,0.0,0.0,0.392,0.012,0.692
431,17.24,0.98,1,-0.147,0.348,0.034,0.042,0.35200000000000004,0.0,0.0,0.046,0.0,0.40800000000000003,0.572,0.0,0.264,0.5519999999999999,0.312,0.0,0.10200000000000001,0.0,0.01,0.374,0.0,0.5559999999999999
432,17.28,0.98,1,-0.138,0.304,0.027999999999999997,0.045,0.354,0.0,0.0,0.026000000000000002,0.0,0.418,0.636,0.0,0.258,0.5559999999999999,0.292,0.0,0.064,0.0,0.024,0.4,0.0,0.35
433,17.32,0.98,1,-0.121,0.263,0.031,0.048,0.355,0.0,0.0,0.018,0.0,0.42000000000000004,0.658,0.0,0.25,0.554,0.27799999999999997,0.0,0.038,0.0,0.028000000000000004,0.4,0.006,0.20800000000000002
434,17.36,0.98,1,-0.11199999999999999,0.22899999999999998,0.031,0.052000000000000005,0.35600000000000004,0.0,0.0,0.006,0.0,0.418,0.65,0.0,0.236,0.5519999999999999,0.264,0.0,0.02,0.0,0.022,0.41600000000000004,0.014000000000000002,0.13
435,17.4,0.98,1,-0.11199999999999999,0.22699999999999998,0.032,0.055,0.35600000000000004,0.0,0.0,0.0,0.0,0.41200000000000003,0.638,0.0,0.22000000000000003,0.5519999999999999,0.25,0.0,0.026000000000000002,0.0,0.01,0.426,0.014000000000000002,0.076
436,17.44,0.98,1,-0.11,0.222,0.033,0.057,0.355,0.0,0.0,0.0,0.0,0.40800000000000003,0.638,0.0,0.21000000000000002,0.55,0.25,0.0,0.044,0.0,0.014000000000000002,0.43600000000000005,0.01,0.041999999999999996
437,17.48,0.98,1,-0.10800000000000001,0.22399999999999998,0.034,0.055,0.353,0.0,0.0,0.0,0.0,0.40199999999999997,0.62,0.0,0.186,0.542,0.252,0.0,0.036,0.0,0.01,0.438,0.0,0.022
438,17.52,0.98,1,-0.10800000000000001,0.226,0.036000000000000004,0.059000000000000004,0.353,0.0,0.0,0.0,0.0,0.39,0.608,0.0,0.158,0.526,0.258,0.0,0.041999999999999996,0.0,0.01,0.40599999999999997,0.004,0.016
439,17.56,0.98,1,-0.107,0.22699999999999998,0.037000000000000005,0.059000000000000004,0.35200000000000004,0.0,0.0,0.006,0.0,0.378,0.5980000000000001,0.0,0.13,0.506,0.242,0.0,0.022,0.0,0.006,0.39,0.01,0.016
440,17.6,0.98,1,-0.109,0.22699999999999998,0.037000000000000005,0.061,0.35200000000000004,0.0,0.0,0.006,0.0,0.37,0.646,0.0,0.11000000000000001,0.47800000000000004,0.21800000000000003,0.0,0.022,0.0,0.006,0.37,0.024,0.014000000000000002
441,17.64,0.98,1,-0.10800000000000001,0.233,0.039,0.065,0.35,0.0,0.0,0.006,0.0,0.366,0.666,0.0,0.10400000000000001,0.454,0.196,0.0,0.002,0.0,0.006,0.372,0.04,0.012
442,17.68,0.98,1,-0.109,0.228,0.036000000000000004,0.063,0.35,0.0,0.0,0.0,0.0,0.36,0.7,0.0,0.10400000000000001,0.43600000000000005,0.186,0.0,0.0,0.0,0.002,0.356,0.06,0.008
443,17.72,0.98,1,-0.109,0.22899999999999998,0.035,0.063,0.349,0.0,0.0,0.0,0.0,0.348,0.6759999999999999,0.0,0.098,0.42400000000000004,0.192,0.0,0.0,0.0,0.004,0.34199999999999997,0.08399999999999999,0.006
444,17.76,0.98,1,-0.10800000000000001,0.22699999999999998,0.033,0.063,0.348,0.0,0.0,0.0,0.0,0.32799999999999996,0.6639999999999999,0.0,0.076,0.41600000000000004,0.192,0.0,0.0,0.0,0.02,0.318,0.092,0.006
445,17.8,0.98,1,-0.107,0.23199999999999998,0.033,0.063,0.34600000000000003,0.0,0.0,0.0,0.0,0.31,0.632,0.0,0.05,0.40199999999999997,0.19,0.0,0.0,0.0,0.034,0.304,0.10800000000000001,0.008
446,17.84,0.98,1,-0.107,0.23,0.031,0.06,0.345,0.0,0.0,0.0,0.0,0.308,0.638,0.0,0.036,0.396,0.19,0.0,0.0,0.0,0.044,0.282,0.12,0.01
447,17.88,0.98,1,-0.111,0.228,0.03,0.059000000000000004,0.345,0.0,0.0,0.01,0.0,0.31,0.638,0.0,0.034,0.388,0.186,0.0,0.0,0.0,0.03,0.246,0.13799999999999998,0.13
448,17.92,0.98,1,-0.11699999999999999,0.302,0.031,0.055999999999999994,0.341,0.0,0.0,0.05,0.0,0.31,0.632,0.0,0.022,0.374,0.18,0.0,0.002,0.0,0.014000000000000002,0.198,0.172,0.356
449,17.96,0.98,1,-0.111,0.38,0.035,0.051,0.332,0.012,0.0,0.11399999999999999,0.0,0.256,0.558,0.0,0.022,0.302,0.144,0.0,0.006,0.0,0.0,0.11399999999999999,0.19,0.5559999999999999
450,18.0,0.98,1,-0.11800000000000001,0.38,0.017,0.01,0.32799999999999996,0.03,0.0,0.172,0.0,0.186,0.472,0.0,0.012,0.23399999999999999,0.12,0.0,0.032,0.0,0.0,0.048,0.172,0.6
451,18.04,0.98,1,-0.11800000000000001,0.342,0.003,-0.002,0.322,0.03,0.0,0.176,0.0,0.12,0.41200000000000003,0.006,0.012,0.16599999999999998,0.06,0.0,0.08399999999999999,0.0,0.008,0.0,0.13799999999999998,0.45599999999999996
452,18.08,0.98,1,-0.10300000000000001,0.298,-0.001,0.008,0.321,0.016,0.0,0.13799999999999998,0.0,0.10200000000000001,0.39,0.02,0.0,0.162,0.03,0.0,0.152,0.0,0.014000000000000002,0.0,0.118,0.274
453,18.12,0.98,1,-0.081,0.261,0.01,0.011000000000000001,0.314,0.0,0.0,0.08,0.0,0.096,0.368,0.02,0.0,0.156,0.0,0.0,0.202,0.0,0.044,0.0,0.148,0.10800000000000001
454,18.16,0.98,1,-0.075,0.23600000000000002,0.018000000000000002,0.011000000000000001,0.308,0.0,0.0,0.11000000000000001,0.0,0.12,0.352,0.036,0.032,0.152,0.0,0.0,0.22400000000000003,0.0,0.076,0.0,0.10800000000000001,0.022
455,18.2,0.98,1,-0.063,0.23800000000000002,0.024,0.009000000000000001,0.306,0.0,0.0,0.21000000000000002,0.0,0.136,0.352,0.05600000000000001,0.06999999999999999,0.142,0.006,0.0,0.192,0.0,0.11399999999999999,0.0,0.062,0.0
456,18.24,0.98,1,-0.053,0.20600000000000002,-0.003,-0.006999999999999999,0.3,0.0,0.0,0.346,0.0,0.16999999999999998,0.40800000000000003,0.11399999999999999,0.10200000000000001,0.136,0.016,0.0,0.154,0.0,0.124,0.0,0.018,0.0
457,18.28,0.98,1,-0.05,0.195,-0.016,-0.016,0.294,0.0,0.0,0.42800000000000005,0.0,0.18,0.44000000000000006,0.146,0.118,0.142,0.028000000000000004,0.0,0.13999999999999999,0.0,0.124,0.0,0.038,0.0
458,18.32,0.98,1,-0.05,0.195,-0.015,-0.01,0.29100000000000004,0.0,0.0,0.466,0.0,0.192,0.5,0.18,0.136,0.148,0.041999999999999996,0.0,0.144,0.0,0.11000000000000001,0.0,0.036,0.0
459,18.36,0.98,1,-0.063,0.204,-0.01,-0.003,0.289,0.0,0.0,0.54,0.0,0.21800000000000003,0.5940000000000001,0.196,0.16599999999999998,0.15,0.062,0.0,0.13999999999999999,0.0,0.10800000000000001,0.0,0.026000000000000002,0.076
460,18.4,0.98,1,-0.057999999999999996,0.23600000000000002,-0.011000000000000001,0.001,0.287,0.0,0.0,0.63,0.0,0.246,0.708,0.22000000000000003,0.186,0.142,0.078,0.0,0.11000000000000001,0.0,0.10200000000000001,0.0,0.006,0.148
461,18.44,0.98,1,-0.055999999999999994,0.23199999999999998,-0.011000000000000001,-0.001,0.284,0.0,0.0,0.704,0.0,0.27599999999999997,0.792,0.236,0.196,0.128,0.094,0.0,0.11000000000000001,0.0,0.10800000000000001,0.0,0.006,0.192
462,18.48,0.98,1,-0.046,0.22,-0.013000000000000001,-0.002,0.281,0.0,0.0,0.73,0.0,0.272,0.782,0.242,0.202,0.122,0.1,0.0,0.10200000000000001,0.0,0.11000000000000001,0.0,0.006,0.134
463,18.52,0.98,1,-0.055,0.195,-0.016,-0.003,0.28,0.0,0.0,0.722,0.0,0.264,0.776,0.24,0.194,0.122,0.094,0.0,0.10800000000000001,0.0,0.11599999999999999,0.0,0.0,0.068
464,18.56,0.98,1,-0.059000000000000004,0.18600000000000003,-0.017,-0.003,0.28,0.0,0.0,0.718,0.0,0.258,0.76,0.22400000000000003,0.184,0.12,0.08,0.0,0.08399999999999999,0.0,0.10200000000000001,0.0,0.0,0.038
465,18.6,0.98,1,-0.057999999999999996,0.182,-0.013999999999999999,0.004,0.28,0.0,0.0,0.716,0.0,0.258,0.774,0.22000000000000003,0.178,0.10800000000000001,0.074,0.0,0.092,0.0,0.088,0.0,0.018,0.068
466,18.64,0.98,1,-0.061,0.215,-0.018000000000000002,0.002,0.281,0.0,0.0,0.6980000000000001,0.0,0.266,0.748,0.192,0.192,0.11399999999999999,0.088,0.0,0.08399999999999999,0.0,0.052000000000000005,0.0,0.044,0.254
467,18.68,0.98,1,-0.092,0.26899999999999996,-0.005,0.018000000000000002,0.284,0.0,0.0,0.67,0.0,0.27,0.6980000000000001,0.158,0.21800000000000003,0.11599999999999999,0.118,0.0,0.074,0.006,0.028000000000000004,0.0,0.08,0.46399999999999997
468,18.72,0.98,1,-0.11199999999999999,0.313,-0.01,0.015,0.28600000000000003,0.0,0.0,0.666,0.0,0.27599999999999997,0.6759999999999999,0.128,0.25,0.122,0.132,0.0,0.072,0.006,0.0,0.0,0.08,0.614
469,18.76,0.98,1,-0.142,0.306,-0.015,0.006999999999999999,0.28800000000000003,0.0,0.0,0.6940000000000001,0.0,0.27599999999999997,0.6900000000000001,0.134,0.26,0.088,0.13,0.0,0.078,0.006,0.048,0.0,0.052000000000000005,0.546
470,18.8,0.98,1,-0.11599999999999999,0.23,-0.012,-0.001,0.28800000000000003,0.0,0.0,0.74,0.0,0.284,0.722,0.16599999999999998,0.268,0.068,0.10600000000000001,0.0,0.10400000000000001,0.0,0.092,0.0,0.018,0.43600000000000005
471,18.84,0.98,1,-0.114,0.223,-0.008,-0.0,0.28800000000000003,0.0,0.0,0.748,0.0,0.294,0.738,0.18,0.262,0.048,0.086,0.0,0.098,0.0,0.13799999999999998,0.0,0.0,0.33999999999999997
472,18.88,0.98,1,-0.1,0.215,-0.012,-0.003,0.28600000000000003,0.0,0.0,0.754,0.0,0.308,0.724,0.18,0.252,0.052000000000000005,0.078,0.0,0.086,0.004,0.136,0.0,0.0,0.304
473,18.92,0.98,1,-0.09300000000000001,0.214,-0.015,-0.005,0.285,0.0,0.0,0.754,0.0,0.316,0.726,0.16599999999999998,0.244,0.05,0.078,0.0,0.057999999999999996,0.004,0.144,0.0,0.0,0.266
474,18.96,0.98,1,-0.086,0.21,-0.017,-0.006,0.28600000000000003,0.0,0.0,0.746,0.0,0.32,0.714,0.16999999999999998,0.238,0.054000000000000006,0.10800000000000001,0.0,0.06,0.004,0.146,0.0,0.002,0.23199999999999998
475,19.0,0.98,1,-0.079,0.201,-0.023,-0.008,0.28800000000000003,0.0,0.0,0.734,0.0,0.324,0.718,0.16599999999999998,0.24,0.05600000000000001,0.126,0.0,0.06,0.0,0.146,0.0,0.006,0.20800000000000002
476,19.04,0.98,1,-0.083,0.2,-0.021,-0.006,0.289,0.0,0.0,0.722,0.0,0.32599999999999996,0.724,0.16799999999999998,0.236,0.06,0.128,0.0,0.05600000000000001,0.0,0.13,0.0,0.022,0.198
477,19.08,0.98,1,-0.087,0.19699999999999998,-0.019,-0.005,0.289,0.0,0.0,0.73,0.0,0.32799999999999996,0.708,0.16399999999999998,0.238,0.057999999999999996,0.10600000000000001,0.014000000000000002,0.052000000000000005,0.0,0.11599999999999999,0.0,0.02,0.194
478,19.12,0.98,1,-0.077,0.19699999999999998,-0.018000000000000002,-0.004,0.29,0.0,0.0,0.726,0.0,0.324,0.702,0.176,0.242,0.05600000000000001,0.092,0.016,0.046,0.0,0.11000000000000001,0.0,0.018,0.19
479,19.16,0.98,1,-0.087,0.196,-0.016,-0.003,0.29,0.0,0.0,0.728,0.0,0.322,0.696,0.18,0.246,0.057999999999999996,0.08399999999999999,0.018,0.05,0.0,0.11000000000000001,0.0,0.0,0.186
480,19.2,0.98,1,-0.08199999999999999,0.19399999999999998,-0.015,-0.001,0.29100000000000004,0.0,0.0,0.716,0.0,0.32599999999999996,0.712,0.174,0.246,0.062,0.09,0.008,0.054000000000000006,0.0,0.118,0.0,0.0,0.182
481,19.24,0.98,1,-0.083,0.19699999999999998,-0.016,-0.002,0.29100000000000004,0.0,0.0,0.71,0.0,0.324,0.732,0.16799999999999998,0.242,0.062,0.092,0.006,0.064,0.0,0.118,0.0,0.0,0.178
482,19.28,0.98,1,-0.08,0.19699999999999998,-0.015,-0.0,0.289,0.0,0.0,0.708,0.0,0.318,0.724,0.16799999999999998,0.24,0.06,0.096,0.02,0.074,0.0,0.124,0.004,0.008,0.18
483,19.32,0.98,1,-0.078,0.19699999999999998,-0.017,-0.001,0.28800000000000003,0.0,0.0,0.716,0.0,0.308,0.726,0.16999999999999998,0.244,0.062,0.092,0.016,0.088,0.004,0.126,0.004,0.01,0.178
484,19.36,0.98,1,-0.07400000000000001,0.196,-0.017,0.001,0.28600000000000003,0.0,0.0,0.726,0.0,0.306,0.742,0.172,0.26,0.066,0.078,0.016,0.08199999999999999,0.004,0.136,0.018,0.01,0.176
485,19.4,0.98,1,-0.07,0.19899999999999998,-0.017,0.002,0.28300000000000003,0.0,0.0,0.732,0.0,0.306,0.762,0.178,0.27,0.068,0.078,0.0,0.08399999999999999,0.004,0.13999999999999999,0.026000000000000002,0.004,0.16599999999999998
486,19.44,0.98,1,-0.068,0.193,-0.019,0.002,0.281,0.0,0.0,0.734,0.0,0.296,0.77,0.176,0.268,0.064,0.062,0.0,0.078,0.0,0.13999999999999999,0.038,0.0,0.144
487,19.48,0.98,1,-0.068,0.192,-0.021,0.002,0.27899999999999997,0.0,0.0,0.73,0.0,0.284,0.742,0.176,0.258,0.066,0.064,0.0,0.08399999999999999,0.0,0.132,0.038,0.0,0.122
488,19.52,0.98,1,-0.064,0.193,-0.021,0.002,0.275,0.0,0.0,0.718,0.0,0.27599999999999997,0.718,0.178,0.248,0.06,0.052000000000000005,0.0,0.074,0.0,0.128,0.034,0.012,0.098
489,19.56,0.98,1,-0.057999999999999996,0.19,-0.022000000000000002,0.002,0.272,0.0,0.0,0.708,0.0,0.27799999999999997,0.682,0.192,0.238,0.048,0.04,0.0,0.052000000000000005,0.0,0.128,0.022,0.034,0.08
